time,x,y,z,roll,pitch,yaw
1767717671.280034,-0.003556,0.003659,0.002134,0.017388,0.052343,0.000845
1767717671.381017,-0.002783,0.001500,0.001039,0.017477,0.052376,0.000924
1767717671.481721,-0.001061,0.002095,0.001484,0.017437,0.052293,0.001028
1767717671.582158,-0.003100,-0.002036,0.000664,0.017540,0.052324,0.000956
1767717671.683537,-0.007069,0.000066,0.002951,0.017325,0.052456,0.000871
1767717671.784571,-0.003245,-0.002909,0.002296,0.017342,0.052259,0.000853
1767717671.885352,-0.003917,-0.001914,0.001197,0.017533,0.052319,0.000951
1767717671.985914,-0.004407,0.002652,0.002324,0.017381,0.052324,0.000929
1767717672.086577,-0.004488,-0.000413,0.000755,0.017537,0.052358,0.001009
1767717672.187326,-0.007194,0.003895,0.001657,0.017498,0.052478,0.001027
1767717672.288195,-0.005059,0.000699,0.002556,0.017322,0.052444,0.000945
1767717672.388781,-0.002604,0.003930,0.000881,0.017381,0.052240,0.000808
1767717672.489520,-0.004984,0.004811,0.001207,0.017482,0.052332,0.000876
1767717672.590360,-0.004389,0.005099,0.002207,0.017344,0.052434,0.000851
1767717672.690482,-0.005067,0.002628,0.000597,0.017517,0.052437,0.000937
1767717672.791144,-0.005548,0.004787,0.002961,0.017186,0.052489,0.000776
1767717672.891859,-0.001052,0.005812,0.000730,0.017566,0.052318,0.000981
1767717672.992597,-0.001203,0.008065,0.000730,0.017657,0.052251,0.001050
1767717673.093271,-0.003292,0.007773,0.002097,0.017353,0.052335,0.000697
1767717673.194686,-0.003237,0.006373,0.002013,0.017326,0.052312,0.000766
1767717673.295378,-0.002386,0.005885,0.001414,0.017518,0.052431,0.000909
1767717673.395662,-0.000593,0.002440,0.000200,0.017544,0.052389,0.000896
1767717673.496336,0.000423,0.004087,0.000569,0.017504,0.052332,0.000833
1767717673.596796,-0.004133,0.004798,0.001690,0.017598,0.052391,0.000902
1767717673.697838,-0.003054,0.003177,0.000892,0.017358,0.052425,0.000681
1767717673.798718,-0.000303,0.005020,0.000125,0.017598,0.052216,0.000844
1767717673.899093,-0.004410,0.005150,0.002500,0.017586,0.052472,0.001061
1767717673.979887,-0.004782,0.003875,0.002021,0.017397,0.052560,0.000867
1767717674.080536,-0.005858,0.005242,0.002421,0.017518,0.052541,0.000926
1767717674.181371,-0.004318,0.005836,0.001425,0.017441,0.052424,0.000801
1767717674.281817,-0.003168,0.009506,0.000823,0.017485,0.052347,0.000876
1767717674.382555,-0.003968,0.004227,0.002228,0.017286,0.052429,0.000727
1767717674.482784,-0.003402,0.001287,0.001260,0.017521,0.052513,0.001028
1767717674.583806,-0.002916,0.004578,0.001827,0.017565,0.052419,0.000963
1767717674.684246,-0.001293,0.001851,0.002376,0.017319,0.052359,0.000820
1767717674.784301,-0.003056,0.010276,0.001410,0.017653,0.052400,0.001096
1767717674.885633,-0.003700,0.005709,0.002471,0.017421,0.052511,0.000863
1767717674.985829,-0.001540,0.004230,0.002087,0.017505,0.052434,0.001087
1767717675.086756,0.002149,0.003672,-0.000119,0.017552,0.052257,0.000939
1767717675.188287,-0.000221,0.006124,0.000753,0.017525,0.052326,0.000963
1767717675.289373,-0.003112,0.009249,0.002356,0.017488,0.052452,0.001017
1767717675.390233,-0.000852,0.011113,0.001230,0.017326,0.052362,0.000876
1767717675.490613,-0.001758,0.006167,0.002344,0.017258,0.052373,0.000741
1767717675.591243,-0.001478,0.003115,0.001066,0.017611,0.052346,0.001032
1767717675.691638,-0.001084,0.006296,0.001259,0.017553,0.052414,0.001060
1767717675.792922,0.000412,0.000612,0.002414,0.017254,0.052340,0.000898
1767717675.892848,0.000136,0.002372,0.000516,0.017576,0.052356,0.001056
1767717675.993489,0.000209,0.003667,0.001979,0.017467,0.052401,0.001127
1767717676.094315,-0.001405,0.000980,0.001820,0.017561,0.052445,0.001086
1767717676.195226,-0.000109,0.002198,0.002085,0.017339,0.052423,0.000940
1767717676.296403,0.001263,-0.000975,0.001080,0.017559,0.052394,0.001208
1767717676.397075,0.002030,-0.001393,0.000131,0.017541,0.052288,0.001008
1767717676.497329,0.000439,-0.000448,0.002005,0.017332,0.052407,0.000933
1767717676.598374,0.001094,0.001300,0.001825,0.017438,0.052324,0.001047
1767717676.699074,0.002073,0.001167,0.000883,0.017298,0.052305,0.000928
1767717676.799342,0.004157,0.004235,-0.000363,0.017444,0.052194,0.001061
1767717676.899828,0.000440,0.004640,0.000891,0.017586,0.052326,0.001143
1767717677.000902,-0.002043,0.003089,0.003001,0.017485,0.052540,0.001188
1767717677.101582,0.000906,0.001308,0.000575,0.017555,0.052383,0.001096
1767717677.202282,-0.000863,-0.002057,0.001521,0.017556,0.052395,0.001113
1767717677.302735,-0.000461,0.002692,0.001444,0.017531,0.052469,0.001111
1767717677.403350,-0.001201,0.000841,0.001268,0.017484,0.052400,0.001025
1767717677.503798,-0.002781,0.002493,0.002454,0.017360,0.052418,0.001007
1767717677.604644,-0.005398,0.003000,0.003246,0.017337,0.052532,0.000968
1767717677.704922,-0.000275,0.003134,0.001669,0.017247,0.052445,0.001025
1767717677.806117,-0.001938,-0.001633,0.001364,0.017418,0.052453,0.001048
1767717677.906343,-0.001962,0.005257,0.000751,0.017458,0.052379,0.001043
1767717678.007147,-0.000589,0.005326,-0.000201,0.017665,0.052320,0.001179
1767717678.087492,-0.003814,0.001804,0.002346,0.017581,0.052446,0.001100
1767717678.188246,-0.001418,0.001090,0.001824,0.017445,0.052465,0.001025
1767717678.288676,0.000270,0.000245,0.001433,0.017495,0.052395,0.001091
1767717678.390109,-0.001178,-0.002909,0.001753,0.017533,0.052495,0.001163
1767717678.490999,0.001224,0.001288,0.000945,0.017361,0.052317,0.000980
1767717678.591252,-0.000338,0.000126,0.001538,0.017546,0.052428,0.001250
1767717678.691889,-0.002796,0.000951,0.001884,0.017425,0.052583,0.000997
1767717678.792386,-0.000993,-0.000609,0.002627,0.017354,0.052434,0.000938
1767717678.893096,-0.002119,0.001571,0.002393,0.017589,0.052512,0.001306
1767717678.993644,0.002720,0.001583,0.000241,0.017584,0.052313,0.001111
1767717679.094998,0.003328,0.002649,0.000304,0.017529,0.052314,0.001077
1767717679.195760,0.000225,0.003902,0.001270,0.017406,0.052340,0.000970
1767717679.296552,0.001336,0.001726,0.000680,0.017634,0.052346,0.001169
1767717679.397512,-0.000613,-0.000814,0.001534,0.017605,0.052425,0.001104
1767717679.497248,-0.001029,0.001558,0.002227,0.017628,0.052438,0.001259
1767717679.598341,0.002069,-0.001390,-0.000227,0.017447,0.052341,0.001084
1767717679.698598,-0.001241,-0.001762,0.001806,0.017496,0.052414,0.001137
1767717679.799419,0.000167,-0.000742,0.000951,0.017455,0.052453,0.001035
1767717679.900131,-0.000916,0.002804,0.002086,0.017258,0.052401,0.000923
1767717680.000312,-0.000664,0.001008,0.000971,0.017636,0.052355,0.001169
1767717680.101333,0.000998,0.002986,0.000373,0.017540,0.052304,0.001056
1767717680.201731,0.000693,0.003884,0.000487,0.017651,0.052267,0.001274
1767717680.302471,-0.000462,0.006582,0.000841,0.017620,0.052428,0.001185
1767717680.402531,-0.001453,0.003232,0.001076,0.017586,0.052449,0.001109
1767717680.503803,-0.001770,0.000904,0.001212,0.017408,0.052395,0.000934
1767717680.603868,-0.004020,0.005439,0.001633,0.017525,0.052472,0.001128
1767717680.704841,-0.003004,0.005891,0.002524,0.017613,0.052489,0.001187
1767717680.805690,0.000990,0.004202,0.000804,0.017191,0.052261,0.000706
1767717680.906696,-0.001529,0.006836,0.001353,0.017527,0.052306,0.000953
1767717681.008150,-0.003822,0.004285,0.002191,0.017441,0.052512,0.001040
1767717681.108546,0.000731,0.004713,0.000344,0.017386,0.052337,0.000854
1767717681.209075,-0.002463,0.001316,0.000988,0.017525,0.052382,0.001058
1767717681.309878,-0.001792,0.005992,0.000336,0.017617,0.052426,0.001086
1767717681.410696,-0.001692,0.007015,0.001362,0.017586,0.052379,0.001119
1767717681.511052,-0.001495,0.003187,0.001890,0.017229,0.052419,0.000872
1767717681.611714,0.000121,0.004092,0.000261,0.017481,0.052256,0.001028
1767717681.712377,-0.001994,0.001311,0.001544,0.017386,0.052434,0.000943
1767717681.812886,0.001156,0.002412,0.000108,0.017531,0.052336,0.001025
1767717681.913703,-0.002051,0.012299,0.002041,0.017281,0.052394,0.000907
1767717682.014976,0.002420,0.006701,0.000652,0.017556,0.052326,0.001010
1767717682.115404,0.000194,0.002008,0.000748,0.017435,0.052398,0.001041
1767717682.195830,0.001194,0.002828,0.000741,0.017400,0.052415,0.001012
1767717682.296113,-0.000390,0.009712,0.000508,0.017301,0.052367,0.000893
1767717682.397458,-0.001448,0.003586,0.002225,0.017378,0.052464,0.001008
1767717682.498172,0.000784,0.007046,0.001251,0.017198,0.052309,0.000853
1767717682.598590,0.003148,0.004022,0.000521,0.017605,0.052286,0.001089
1767717682.719486,0.000265,0.006096,0.001369,0.017537,0.052377,0.001091
1767717682.819769,0.001129,0.003598,0.001390,0.017227,0.052382,0.000862
1767717682.940624,0.000800,0.001798,0.000916,0.017268,0.052487,0.000924
1767717683.041680,-0.000068,0.001243,0.001085,0.017537,0.052407,0.001105
1767717683.142456,0.001569,-0.000774,0.001465,0.017260,0.052345,0.000920
1767717683.222862,0.001485,0.005442,0.001513,0.017567,0.052406,0.001097
1767717683.303317,0.004513,0.000919,-0.000747,0.017716,0.052190,0.001367
1767717683.403901,0.002453,0.004901,0.001649,0.017379,0.052298,0.001057
1767717683.504523,0.001748,0.004692,0.000768,0.017565,0.052318,0.001147
1767717683.605362,0.000718,0.002868,0.000602,0.017350,0.052394,0.001000
1767717683.706201,0.001893,0.002128,0.000593,0.017541,0.052367,0.001116
1767717683.807164,0.002101,-0.003733,0.000653,0.017342,0.052283,0.000989
1767717683.907531,0.000792,0.002461,0.001752,0.017629,0.052417,0.001219
1767717684.008336,0.001536,0.001718,0.000566,0.017461,0.052344,0.001119
1767717684.109045,-0.000725,0.009411,0.001208,0.017533,0.052383,0.001177
1767717684.209707,0.000399,0.001429,0.000962,0.017291,0.052337,0.001000
1767717684.310235,0.001519,0.007799,0.000188,0.017591,0.052315,0.001078
1767717684.410753,-0.001097,0.003367,0.001908,0.017196,0.052485,0.000945
1767717684.511147,0.000906,0.002304,0.000827,0.017548,0.052376,0.001177
1767717684.612001,0.000681,0.003537,0.000202,0.017344,0.052367,0.000930
1767717684.713145,-0.000070,0.001606,0.001034,0.017376,0.052348,0.001054
1767717684.814506,0.000616,0.008457,0.001142,0.017171,0.052392,0.000932
1767717684.914808,0.000376,0.002973,0.001575,0.017387,0.052379,0.001155
1767717685.015119,0.000808,0.004375,0.000631,0.017547,0.052338,0.001181
1767717685.115660,0.002131,-0.001634,0.000629,0.017459,0.052284,0.001134
1767717685.217102,0.000473,0.003213,0.000981,0.017453,0.052418,0.001198
1767717685.316964,-0.000366,0.003411,0.001950,0.017649,0.052356,0.001249
1767717685.417893,-0.001900,0.003071,0.002277,0.017492,0.052490,0.001257
1767717685.518952,-0.000651,0.002317,0.000441,0.017499,0.052382,0.001206
1767717685.620164,-0.001206,0.001524,0.001847,0.017552,0.052461,0.001268
1767717685.720696,-0.001125,0.000536,0.001125,0.017537,0.052422,0.001219
1767717685.821222,-0.001276,0.004175,0.002378,0.017393,0.052428,0.001181
1767717685.922007,-0.004361,0.000439,0.003001,0.017508,0.052539,0.001255
1767717686.022463,-0.000431,0.003234,0.000769,0.017435,0.052405,0.001245
1767717686.123295,-0.000686,-0.000249,0.001012,0.017529,0.052399,0.001181
1767717686.223940,-0.020289,-0.000250,-0.003838,0.017281,0.052055,0.001993
1767717686.324484,-0.013539,0.012688,0.004020,0.018228,0.050304,-0.001924
1767717686.425199,0.092935,0.014634,0.038779,0.018950,0.039719,-0.009784
1767717686.525162,0.135159,-0.016069,0.015550,0.011005,0.062463,-0.007845
1767717686.626235,0.124140,0.047562,0.005657,-0.003319,0.054133,-0.025965
1767717686.726819,0.095810,0.005177,-0.017603,0.001416,0.062149,-0.012089
1767717686.850019,0.147548,0.025441,0.021828,-0.000887,0.050734,-0.018091
1767717686.912546,0.100949,0.003045,-0.003113,0.001531,0.052098,-0.016964
1767717687.051101,0.102867,0.001200,0.015337,0.003157,0.051999,-0.015519
1767717687.131657,0.098295,0.002422,0.014118,0.002614,0.051452,-0.016123
1767717687.212514,0.100681,0.027811,0.013588,0.000989,0.050540,-0.016565
1767717687.313345,0.124731,0.018203,0.016811,0.000463,0.050273,-0.016402
1767717687.414341,0.108930,0.001330,0.006902,0.000093,0.046212,-0.015833
1767717687.514665,0.196509,0.003497,0.012555,0.004150,0.040253,-0.012960
1767717687.615717,0.265305,0.015469,0.027404,0.006299,0.041971,-0.013450
1767717687.716753,0.356358,0.011514,0.004813,0.015264,0.038651,-0.013944
1767717687.817473,0.394211,-0.004910,0.009273,0.011981,0.034133,-0.014571
1767717687.918940,0.572821,0.015362,-0.000047,0.011935,0.015843,-0.021176
1767717688.019085,0.791964,0.007661,0.067919,0.009713,0.036389,-0.029199
1767717688.119764,0.788436,0.008786,-0.016960,0.011054,0.052451,-0.030457
1767717688.220472,0.989239,0.007888,0.028692,0.021450,0.043023,-0.029904
1767717688.322664,1.189206,0.001167,0.015728,0.037676,0.060400,-0.029248
1767717688.423527,1.068809,-0.043608,-0.068392,0.042025,0.050382,-0.019370
1767717688.523838,1.435065,-0.022400,0.062071,0.034295,0.024140,-0.032229
1767717688.624739,1.443758,-0.009495,-0.020957,0.041843,0.020021,-0.032006
1767717688.725299,1.783918,-0.035002,0.072197,0.039617,0.011419,-0.035362
1767717688.826982,1.735405,-0.009341,-0.010987,0.035359,0.023117,-0.038242
1767717688.952917,1.999542,-0.041314,0.032140,0.047469,0.010493,-0.041642
1767717689.028879,1.970589,-0.082625,-0.026442,0.030504,0.022881,-0.025510
1767717689.129453,2.327822,-0.046070,0.064276,0.021793,0.004270,-0.022538
1767717689.230046,2.334291,-0.029365,0.037975,0.017054,0.024483,0.003603
1767717689.330854,2.504110,-0.028471,0.012980,0.018177,0.024695,0.021472
1767717689.431441,2.750469,0.049898,0.048970,0.019225,0.011065,0.013977
1767717689.531989,2.698798,0.006414,0.002487,0.010035,0.031364,0.022093
1767717689.632685,2.941304,0.057639,0.028576,0.010051,0.022103,0.020124
1767717689.733220,3.046523,0.053576,0.026075,0.013539,0.028225,0.024915
1767717689.833842,3.178704,0.067745,0.022920,0.015856,0.006313,0.020647
1767717689.934970,3.385599,0.066655,0.066255,0.018966,-0.002554,0.016211
1767717690.063191,3.522491,0.080381,0.027391,0.021368,-0.001299,0.012601
1767717690.139383,3.663363,0.083850,0.068693,0.019180,-0.004470,0.003850
1767717690.216037,3.812394,0.099334,0.069556,0.019379,0.007368,-0.001807
1767717690.336833,3.939495,0.084574,0.034196,0.014418,0.023820,-0.009815
1767717690.437904,3.862936,0.081821,0.038812,0.002908,0.032175,-0.016396
1767717690.538991,3.883642,0.078781,0.032020,0.009142,0.018164,-0.021236
1767717690.680067,3.888202,0.070565,0.047801,0.006785,0.009376,-0.020748
1767717690.720281,3.863302,0.073044,0.043245,0.008441,0.007629,-0.021634
1767717690.821032,3.817603,0.063462,0.046462,0.008900,0.006861,-0.020019
1767717690.921985,3.842788,0.083583,0.051142,0.009429,0.003621,-0.020241
1767717691.022425,3.909302,0.062307,0.063499,0.009705,0.002834,-0.019823
1767717691.125467,3.992291,0.067192,0.073203,0.014829,0.009730,-0.015197
1767717691.223360,4.086725,0.068937,0.051395,0.020688,0.016517,-0.017453
1767717691.324109,4.133291,0.057978,0.041146,0.012583,0.016854,-0.020822
1767717691.425100,4.270795,0.060779,0.055629,0.008828,0.016558,-0.022003
1767717691.526059,4.267334,0.088958,0.027199,0.002340,0.008324,-0.026323
1767717691.626737,4.467455,0.066917,0.051993,0.003134,0.011695,-0.025051
1767717691.727285,4.530947,0.080727,0.064618,0.001687,0.005644,-0.028293
1767717691.827882,4.770278,0.083145,0.076197,-0.003177,0.004920,-0.030728
1767717691.928534,4.989164,0.096655,0.079758,0.004438,0.011395,-0.033439
1767717692.029108,4.963155,0.068885,0.053920,-0.000048,0.018557,-0.030285
1767717692.129754,5.161010,0.072688,0.076692,0.003006,0.020357,-0.025534
1767717692.230187,5.267941,0.082150,0.051067,0.003684,0.013145,-0.027383
1767717692.339551,5.413973,0.077663,0.059967,0.001320,0.012256,-0.024931
1767717692.457191,5.584651,0.076353,0.099192,0.005075,0.007215,-0.027475
1767717692.599108,5.694629,0.078504,0.027823,0.006273,0.005689,-0.025335
1767717692.702376,5.885975,0.088904,0.065409,-0.004529,0.000176,-0.029765
1767717692.803853,5.999141,0.079091,0.098973,-0.002265,0.004482,-0.028915
1767717692.904442,6.182769,0.095921,0.052778,-0.000247,0.002783,-0.032093
1767717693.002889,6.389675,0.093282,0.121255,-0.009857,0.015893,-0.039354
1767717693.111243,6.408716,0.085380,0.086290,-0.012425,0.029039,-0.039250
1767717693.176556,6.662520,0.090564,0.052585,-0.012314,0.029508,-0.041144
1767717693.282019,6.716979,0.073323,0.086410,-0.016673,0.032833,-0.038768
1767717693.381888,6.898158,0.077857,0.113452,0.000872,0.018455,-0.039353
1767717693.476032,7.041909,0.064159,0.014851,0.005221,0.018306,-0.037997
1767717693.579866,7.173964,0.083004,0.116077,-0.015049,0.008845,-0.046290
1767717693.680553,7.324090,0.086080,0.077493,-0.012115,0.015948,-0.039503
1767717693.772167,7.449596,0.066320,0.124324,0.002140,0.017264,-0.035698
1767717693.868649,7.721917,0.114336,0.069837,-0.003577,0.017891,-0.045819
1767717693.970980,7.757164,0.062915,0.056461,-0.008356,0.029162,-0.048400
1767717694.068939,7.915873,0.104385,0.140188,-0.021654,0.014342,-0.057233
1767717694.170044,8.047451,0.046888,0.123810,-0.008343,0.038818,-0.037924
1767717694.273965,8.093766,0.044779,0.032501,-0.006559,0.011417,-0.030025
1767717694.379745,8.469722,0.085151,0.139723,-0.010952,0.032334,-0.042224
1767717694.485085,8.498487,0.048751,0.067896,-0.005982,0.049805,-0.040738
1767717694.588514,8.686481,0.031808,0.093966,0.007461,0.046601,-0.036623
1767717694.682275,8.841200,0.032180,0.051062,0.013203,0.048582,-0.034241
1767717694.780504,8.887918,0.026493,0.044874,0.013093,0.039901,-0.030299
1767717694.848129,9.142011,0.052953,0.118496,0.016193,0.025424,-0.036022
1767717694.939824,9.231483,0.014998,0.073929,0.027636,0.054985,-0.029222
1767717695.035630,9.299870,0.026836,0.012562,0.013653,0.025312,-0.026913
1767717695.132803,9.479674,0.018676,0.108582,0.017430,0.026491,-0.010344
1767717695.237192,9.624599,0.044799,0.077822,0.021530,0.019255,0.004330
1767717695.338311,9.787496,0.057549,0.067711,0.018117,0.021601,0.008181
1767717695.448624,9.981982,0.084557,0.073378,0.008413,0.021197,0.003565
1767717695.557150,10.096622,0.075026,0.105900,0.017436,0.023861,0.006389
1767717695.659303,10.235100,0.069121,0.100075,0.025741,0.019513,0.005569
1767717695.814981,10.406329,0.080917,0.046035,0.023694,0.015233,0.002405
1767717695.951277,10.495491,0.071304,0.093052,0.020029,0.016980,0.003268
1767717696.053964,10.689116,0.091038,0.117802,0.031366,0.010414,0.002049
1767717696.158408,10.799976,0.094754,0.096046,0.026577,0.017682,0.000221
1767717696.265836,10.959280,0.096168,0.084686,0.019991,0.009394,-0.003672
1767717696.378816,11.120156,0.094115,0.135110,0.028035,0.015659,-0.003205
1767717696.492310,11.204448,0.095448,0.048036,0.026625,0.015822,-0.006122
1767717696.609625,11.504751,0.119399,0.117974,0.016206,0.025834,-0.019486
1767717696.721073,11.605250,0.083850,0.108639,0.025242,0.035711,-0.030547
1767717696.824439,11.732873,0.074690,0.051384,0.027694,0.046000,-0.038369
1767717696.929975,11.880287,0.082635,0.069570,0.020676,0.045117,-0.042094
1767717697.032934,11.967812,0.065650,0.078333,0.020078,0.032675,-0.043522
1767717697.136431,12.178070,0.051337,0.102302,0.029227,0.033261,-0.039616
1767717697.247111,12.262094,0.071190,0.062260,0.024720,0.020032,-0.043749
1767717697.356198,12.440207,0.065210,0.112056,0.028806,0.019771,-0.046438
1767717697.470320,12.476809,0.067172,0.058783,0.019886,0.015707,-0.036616
1767717697.578092,12.666142,0.075187,0.111976,0.021138,0.011755,-0.020279
1767717697.687122,12.817546,0.081729,0.095625,0.026124,0.013827,-0.002820
1767717697.805393,13.032799,0.111194,0.113811,0.027306,0.012507,-0.007907
1767717697.915975,13.117577,0.089403,0.057585,0.016022,0.023418,-0.011187
1767717698.017819,13.327614,0.106450,0.101835,0.018018,0.028854,-0.008728
1767717698.116962,13.423662,0.120290,0.086290,0.022391,0.023629,-0.008109
1767717698.219887,13.597528,0.097628,0.058437,0.018846,0.029868,-0.010687
1767717698.323472,13.748597,0.105283,0.125768,0.014386,0.021358,-0.013523
1767717698.422595,13.929571,0.105537,0.106368,0.021287,0.034035,-0.010256
1767717698.524771,14.027143,0.115746,0.069454,0.011239,0.024519,-0.017187
1767717698.630059,14.119765,0.125575,0.041854,0.000259,0.026545,-0.019730
1767717698.728496,14.350638,0.123879,0.136882,0.005206,0.028370,-0.019456
1767717698.828012,14.439032,0.109523,0.049957,0.004502,0.024840,-0.025069
1767717698.927401,14.572142,0.125892,0.096339,0.000756,0.024984,-0.033153
1767717699.033403,14.723097,0.122427,0.098930,-0.004484,0.017205,-0.035838
1767717699.129697,14.892584,0.107538,0.089708,0.001932,0.025090,-0.035110
1767717699.223700,15.035453,0.119808,0.108007,0.001044,0.030371,-0.041080
1767717699.319977,15.190916,0.108073,0.080617,0.001450,0.040387,-0.039080
1767717699.431095,15.348645,0.093143,0.106108,0.004347,0.030624,-0.036536
1767717699.551033,15.484519,0.106030,0.066771,0.008935,0.018838,-0.040073
1767717699.651891,15.616076,0.106874,0.036746,-0.001403,0.007094,-0.042722
1767717699.758989,15.730680,0.101124,0.098662,0.001274,-0.001795,-0.043198
1767717699.861249,15.956595,0.110309,0.145887,0.001363,0.013661,-0.043656
1767717699.970248,16.045013,0.098438,0.085525,0.006769,0.013277,-0.051612
1767717700.072735,16.276375,0.085441,0.139155,0.008772,0.035844,-0.056785
1767717700.175082,16.326973,0.080351,0.054440,0.006009,0.027954,-0.056195
1767717700.277405,16.535627,0.073468,0.180048,0.013919,0.036086,-0.056444
1767717700.385204,16.612406,0.058703,0.048449,0.014819,0.022467,-0.051999
1767717700.505188,16.803839,0.085149,0.136996,0.009845,0.031502,-0.054693
1767717700.612438,16.933653,0.040566,0.087276,0.020615,0.025012,-0.052276
1767717700.711385,17.086916,0.052206,0.123751,0.016676,0.025808,-0.058295
1767717700.810227,17.187344,0.044936,0.095369,0.016496,0.016322,-0.060926
1767717700.911134,17.304976,0.045119,0.109714,0.017710,0.025990,-0.062201
1767717701.016362,17.463289,0.015869,0.084843,0.025538,0.021672,-0.057418
1767717701.117810,17.603037,0.031090,0.078247,0.019117,0.017008,-0.065637
1767717701.220783,17.826214,0.012400,0.143412,0.021732,0.023763,-0.060370
1767717701.326185,17.892725,0.030155,0.081315,0.018931,0.013760,-0.070851
1767717701.420948,18.158836,-0.001314,0.162495,0.018815,0.034058,-0.059589
1767717701.519725,18.099619,0.015653,0.057262,0.022363,0.020504,-0.048022
1767717701.621115,18.428036,0.024658,0.132772,0.012671,0.041733,-0.037858
1767717701.727013,18.506889,0.017365,0.068349,0.016352,0.022439,-0.033322
1767717701.824107,18.707006,0.028934,0.115789,0.011047,0.036785,-0.036849
1767717701.922286,18.844030,0.005750,0.095234,0.014480,0.015543,-0.036903
1767717702.026109,19.008793,0.012707,0.126577,0.012879,0.022827,-0.043262
1767717702.134069,19.103745,-0.009245,0.098028,0.012280,-0.000501,-0.044574
1767717702.239111,19.221739,0.016555,0.095413,0.007668,0.015675,-0.054126
1767717702.344007,19.389990,-0.020241,0.138096,0.011723,0.010986,-0.050921
1767717702.441250,19.535376,-0.007869,0.100339,0.013469,0.019550,-0.059838
1767717702.536106,19.694761,-0.029262,0.111407,0.016791,0.024808,-0.060986
1767717702.633783,19.806671,-0.008267,0.084501,0.009194,0.027834,-0.064111
1767717702.730094,19.981768,-0.035807,0.170000,0.015993,0.024591,-0.052143
1767717702.826965,20.101597,-0.036431,0.071443,0.020924,0.017943,-0.051623
1767717702.925140,20.288338,-0.043904,0.148843,0.016334,0.016367,-0.052351
1767717703.018800,20.370729,-0.045253,0.071983,0.016136,0.015687,-0.058298
1767717703.110044,20.503759,-0.056560,0.188876,0.023896,0.023365,-0.054517
1767717703.207312,20.610367,-0.053865,0.086009,0.021366,0.017636,-0.054825
1767717703.308137,20.792158,-0.062595,0.164507,0.017948,0.024310,-0.054320
1767717703.402571,20.937643,-0.077215,0.111177,0.031383,0.016271,-0.053630
1767717703.498733,21.051254,-0.049452,0.127095,0.025032,0.022392,-0.053120
1767717703.599407,21.168741,-0.039829,0.126282,0.024038,0.018101,-0.036944
1767717703.696539,21.329866,-0.030788,0.068103,0.029494,0.035600,-0.010706
1767717703.799016,21.483027,-0.041031,0.199994,0.030136,0.020928,0.014356
1767717703.897172,21.636881,-0.034419,0.076427,0.035951,0.020413,0.014935
1767717703.992664,21.911682,-0.026940,0.159177,0.036284,0.030350,0.011009
1767717704.087005,21.872757,-0.000828,0.115999,0.021726,0.004012,0.017003
1767717704.177782,22.043720,-0.005211,0.166694,0.029172,0.012043,0.024676
1767717704.269511,22.167986,-0.008439,0.125459,0.036607,0.009593,0.024712
1767717704.362340,22.414482,0.010247,0.120926,0.025146,0.016522,0.015788
1767717704.458439,22.504700,0.023778,0.086166,0.014436,0.019992,0.015398
1767717704.556518,22.735947,0.025954,0.144784,0.015995,0.030532,0.019875
1767717704.656347,22.811171,0.028757,0.069893,0.013231,0.023509,0.018172
1767717704.754015,23.025871,0.029208,0.172354,0.015598,0.028321,0.017521
1767717704.851578,23.135464,0.034726,0.115368,0.014734,0.017618,0.010480
1767717704.942834,23.221054,0.056430,0.107861,0.011884,0.027866,0.010403
1767717705.032518,23.470793,0.052728,0.136906,0.011125,0.020465,0.010337
1767717705.125246,23.560295,0.058597,0.134732,0.011674,0.027512,0.009849
1767717705.215370,23.724892,0.058807,0.130840,0.014011,0.023996,0.009248
1767717705.304229,23.822584,0.064259,0.091211,0.013046,0.020776,0.005998
1767717705.400430,23.968334,0.072399,0.120985,0.008578,0.031879,0.007554
1767717705.504612,24.127565,0.085291,0.115314,0.008981,0.026751,0.007825
1767717705.599337,24.326180,0.070672,0.166537,0.012354,0.024225,0.008418
1767717705.691750,24.410078,0.088684,0.094245,0.008876,0.024318,0.002550
1767717705.780285,24.553078,0.103648,0.168157,0.002845,0.030791,0.000561
1767717705.877258,24.690742,0.092829,0.071566,0.009601,0.027356,-0.001976
1767717705.970323,24.896755,0.095979,0.187832,0.011760,0.036162,-0.003203
1767717706.063984,25.044197,0.085079,0.149657,0.016342,0.019399,-0.005172
1767717706.157568,25.144583,0.099856,0.130767,0.010802,0.023690,-0.008489
1767717706.249551,25.315327,0.103585,0.179440,0.014836,0.015265,-0.006776
1767717706.345991,25.386211,0.100043,0.088491,0.018102,0.018653,-0.010536
1767717706.441720,25.617075,0.087291,0.187353,0.021979,0.016537,-0.010859
1767717706.538090,25.689592,0.106739,0.116151,0.022963,0.016872,-0.012815
1767717706.669296,25.863131,0.105052,0.165581,0.025652,0.022005,-0.012563
1767717706.771131,25.978394,0.106117,0.116476,0.023645,0.027117,-0.015464
1767717706.867341,26.158358,0.091179,0.182033,0.027979,0.026623,-0.014025
1767717706.962126,26.303139,0.083802,0.096371,0.035254,0.031232,-0.017299
1767717707.060449,26.505720,0.100226,0.141170,0.024919,0.030893,-0.021830
1767717707.165086,26.547977,0.085432,0.130509,0.022948,0.020505,-0.027266
1767717707.165147,26.758108,0.091859,0.151904,0.030321,0.035937,-0.029025
1767717707.265972,26.888783,0.069786,0.128657,0.033673,0.018708,-0.027285
1767717707.366907,26.981245,0.081999,0.112535,0.028629,0.023250,-0.032513
1767717707.472917,27.208542,0.067132,0.189119,0.033629,0.031488,-0.034155
1767717707.572405,27.295280,0.074394,0.090794,0.030401,0.016946,-0.044874
1767717707.673161,27.451216,0.080442,0.172629,0.029192,0.029783,-0.043678
1767717707.775839,27.515352,0.059506,0.156556,0.035406,0.018805,-0.044122
1767717707.882439,27.735477,0.064734,0.173655,0.036053,0.017511,-0.045535
1767717707.992539,27.845150,0.068954,0.121113,0.036398,0.017348,-0.045735
1767717708.099460,27.970537,0.093820,0.165370,0.035631,0.017652,-0.031798
1767717708.207538,28.034176,0.128298,0.112533,0.033876,0.027761,-0.004536
1767717708.323998,28.298521,0.107777,0.207526,0.037481,0.018224,0.032723
1767717708.442201,28.418064,0.119574,0.055048,0.029783,0.033795,0.031126
1767717708.553017,28.641380,0.125293,0.209269,0.013715,0.030571,0.026616
1767717708.659121,28.695482,0.131149,0.083864,0.021227,0.025113,0.023269
1767717708.768073,28.846937,0.141404,0.190840,0.016107,0.029369,0.019100
1767717708.876373,28.948114,0.170137,0.115989,0.011713,0.018560,0.020262
1767717708.988968,29.201662,0.174561,0.145856,0.009217,0.026837,0.018175
1767717709.091858,29.374086,0.178156,0.131391,0.011241,0.017032,0.016761
1767717709.214488,29.462473,0.176012,0.199549,0.011002,0.016817,0.010506
1767717709.347426,29.567251,0.185043,0.093610,0.011717,0.017257,0.008519
1767717709.490787,29.765730,0.192600,0.141813,0.005131,0.029741,0.004885
1767717709.628811,29.921770,0.213971,0.139761,-0.002167,0.031286,0.004986
1767717709.770737,30.092365,0.193084,0.193124,0.006564,0.027710,0.001969
1767717709.915447,30.234625,0.175996,0.142988,0.008087,0.025014,-0.012049
1767717710.059863,30.380650,0.176085,0.164664,0.002030,0.012255,-0.024659
1767717710.212593,30.412613,0.209798,0.099528,0.001692,0.023904,-0.028487
1767717710.353974,30.701233,0.179027,0.255696,0.000059,0.011577,-0.024129
1767717710.506938,30.677729,0.206891,0.103033,0.007780,0.021856,-0.027610
1767717710.657505,30.945257,0.183162,0.208431,0.008796,0.011061,-0.022642
1767717710.817533,31.006956,0.185626,0.111366,0.015804,0.027893,-0.023831
1767717710.969675,31.192940,0.191827,0.198435,0.012686,0.027621,-0.021730
1767717711.116261,31.335798,0.183931,0.126985,0.022899,0.025003,-0.022749
1767717711.259484,31.496931,0.164398,0.195330,0.020816,0.027598,-0.023034
1767717711.408000,31.617437,0.190906,0.108104,0.013242,0.020216,-0.028475
1767717711.559711,31.732843,0.185405,0.226837,0.015845,0.023097,-0.027474
1767717711.708083,32.035038,0.188206,0.138879,0.014718,0.019190,-0.036344
1767717711.860284,32.185555,0.179203,0.165379,0.008371,0.017407,-0.039100
1767717712.021180,32.545464,0.168606,0.206654,0.010241,0.031850,-0.039619
1767717712.182381,32.805248,0.159006,0.198697,0.015034,0.038277,-0.046477
1767717712.355591,32.897152,0.160848,0.087058,0.010608,0.038180,-0.053270
1767717712.511324,33.205879,0.144539,0.125149,0.016312,0.019828,-0.056596
1767717712.658216,33.402657,0.142097,0.202937,0.015035,0.022132,-0.057520
1767717712.802708,33.667477,0.122210,0.199358,0.014842,0.019171,-0.062573
1767717712.958664,33.795559,0.131587,0.120575,0.009555,0.030907,-0.066279
1767717713.105430,34.068111,0.141558,0.152789,0.012254,0.026669,-0.049954
1767717713.253430,34.215855,0.132829,0.191566,0.013946,0.021193,-0.037914
1767717713.397250,34.520920,0.122466,0.145045,0.010297,0.021604,-0.040611
1767717713.555171,34.664932,0.099468,0.190335,0.017701,0.025617,-0.039625
1767717713.706819,34.953617,0.106238,0.135953,0.012911,0.039943,-0.040990
1767717713.851765,35.127239,0.098272,0.133937,0.020475,0.047084,-0.042113
1767717713.982445,35.315006,0.105769,0.172817,0.018040,0.041791,-0.047241
1767717714.118729,35.586624,0.130454,0.170593,0.021603,0.025634,-0.035156
1767717714.257441,35.691296,0.123491,0.160825,0.027580,0.022067,-0.020005
1767717714.397492,36.032757,0.106758,0.179697,0.025495,0.022922,-0.014663
1767717714.536687,36.113411,0.125056,0.169494,0.018614,0.027319,-0.018961
1767717714.676670,36.337597,0.118353,0.177046,0.020282,0.015960,-0.015875
1767717714.814502,36.575283,0.118872,0.204638,0.017913,0.014950,-0.026792
1767717714.960860,36.710350,0.116436,0.145882,0.019246,0.017946,-0.032435
1767717715.098414,37.027233,0.109980,0.188924,0.022818,0.007999,-0.032576
1767717715.243380,37.108250,0.112991,0.126249,0.029681,0.016781,-0.033902
1767717715.389043,37.425026,0.126576,0.137355,0.027336,0.010914,-0.030239
1767717715.529159,37.629318,0.142925,0.191222,0.031399,0.020356,-0.019841
1767717715.693776,37.877987,0.139900,0.196290,0.019706,0.009506,-0.000783
1767717715.831693,38.007496,0.142134,0.178964,0.025351,0.007651,0.001474
1767717715.966857,38.205456,0.134878,0.147577,0.023506,0.014936,0.000337
1767717716.104618,38.497395,0.157347,0.177705,0.024062,0.024590,0.001472
1767717716.252393,38.629463,0.149693,0.173336,0.028116,0.024719,0.003816
1767717716.388166,38.874008,0.155412,0.172191,0.020992,0.004296,-0.001184
1767717716.527423,39.061512,0.183437,0.183823,0.022026,0.020456,-0.000571
1767717716.660150,39.212055,0.181498,0.217509,0.023022,0.015207,-0.003524
1767717716.801706,39.479347,0.176791,0.210607,0.011035,0.029888,-0.011409
1767717716.942112,39.593021,0.175779,0.116421,0.018838,0.035347,-0.012319
1767717717.082665,39.776569,0.174327,0.220562,0.016515,0.041052,-0.012109
1767717717.219470,40.033150,0.181175,0.174308,0.009371,0.029296,-0.017389
1767717717.357373,40.235130,0.172865,0.194657,0.014392,0.012037,-0.018138
1767717717.499664,40.477467,0.172204,0.139969,0.013180,0.015807,-0.031083
1767717717.643415,40.639740,0.180498,0.224444,0.006023,0.019030,-0.033787
1767717717.780810,40.682964,0.167925,0.099921,0.017030,0.016576,-0.035423
1767717717.922870,41.056644,0.155588,0.239821,0.015908,0.009605,-0.040958
1767717718.059259,41.205544,0.168478,0.145008,0.020893,0.029226,-0.044671
1767717718.197096,41.466522,0.148310,0.177867,0.034069,0.015562,-0.045814
1767717718.333475,41.610737,0.139361,0.222930,0.032988,0.013068,-0.046030
1767717718.471593,41.738552,0.137067,0.185625,0.035425,0.008676,-0.047756
1767717718.608707,42.030281,0.123966,0.201057,0.035984,0.003022,-0.053035
1767717718.739109,42.210583,0.099981,0.195119,0.036294,0.026504,-0.057057
1767717718.877378,42.489594,0.110106,0.157216,0.035068,0.030776,-0.064725
1767717719.012968,42.570267,0.087691,0.268153,0.039307,0.012383,-0.066000
1767717719.149917,42.761932,0.086953,0.149562,0.034910,0.035714,-0.071023
1767717719.298998,43.104069,0.086237,0.166797,0.038554,0.016321,-0.059621
1767717719.439967,43.282230,0.118116,0.279523,0.037120,0.007120,-0.032802
1767717719.581203,43.352192,0.109523,0.166866,0.030292,0.020320,-0.022115
1767717719.722306,43.635288,0.078911,0.228800,0.040582,0.008120,-0.023361
1767717719.862037,43.774948,0.088221,0.237748,0.034434,0.011789,-0.030330
1767717720.006797,44.136944,0.111328,0.208855,0.040523,0.017732,-0.029142
1767717720.149360,44.254395,0.080783,0.246290,0.039067,0.024049,-0.030524
1767717720.287912,44.419888,0.096073,0.209631,0.031005,0.024543,-0.032141
1767717720.423166,44.694500,0.085862,0.218199,0.038146,0.021408,-0.033198
1767717720.571894,44.834068,0.089879,0.240123,0.034382,0.017711,-0.030043
1767717720.718873,45.116959,0.090563,0.245614,0.038284,0.019080,-0.025703
1767717720.879088,45.272041,0.093399,0.241986,0.029766,0.006704,-0.026023
1767717721.069483,45.444492,0.101558,0.169826,0.034611,0.005115,-0.023822
1767717721.211283,45.706455,0.092943,0.276807,0.017323,0.021576,-0.043316
1767717721.348896,46.047638,0.096346,0.186612,0.015770,-0.005735,-0.047249
1767717721.487756,46.171227,0.108547,0.216881,0.023214,0.044376,-0.031696
1767717721.629688,46.389267,0.115844,0.205929,0.021480,0.032244,-0.013705
1767717721.768991,46.518780,0.124795,0.326983,0.023308,0.017515,-0.007801
1767717721.901869,46.812218,0.100328,0.287355,0.032927,-0.000512,-0.016336
1767717722.024330,46.917362,0.092740,0.260324,0.031979,0.002830,-0.023580
1767717722.146967,47.012630,0.093200,0.352853,0.016690,0.007990,-0.029863
1767717722.265620,47.298187,0.123380,0.208354,0.016037,0.018764,-0.023730
1767717722.385246,47.401775,0.105497,0.271410,0.031065,0.017196,-0.020466
1767717722.503577,47.655540,0.093076,0.295827,0.015437,0.020507,-0.032091
1767717722.631001,47.938786,0.108205,0.208377,0.021392,0.035442,-0.016117
1767717722.749011,48.029747,0.129577,0.256504,0.017014,0.022851,0.024371
1767717722.887199,48.140976,0.164812,0.300910,0.018786,0.019695,0.046494
1767717723.024043,48.375729,0.181991,0.285710,0.012919,0.007686,0.053019
1767717723.151295,48.499321,0.204549,0.267723,0.013979,0.007811,0.050210
1767717723.291327,48.681225,0.203496,0.274548,0.012776,0.003733,0.052941
1767717723.445138,48.955025,0.246827,0.268568,0.002862,0.009055,0.056223
1767717723.583635,49.083218,0.262413,0.297636,-0.000203,0.001337,0.056197
1767717723.722894,49.203911,0.274648,0.290017,0.004887,-0.002686,0.055478
1767717723.893328,49.618103,0.274450,0.206792,-0.008000,0.025026,0.001427
1767717724.035203,49.753117,0.259260,0.356344,-0.000765,0.015750,-0.009632
1767717724.173750,49.927422,0.280024,0.289682,-0.007989,0.022396,-0.010039
1767717724.306795,50.191307,0.286604,0.279917,-0.010819,0.005454,-0.003499
1767717724.453562,50.344093,0.278057,0.309118,-0.005380,0.025908,-0.005181
1767717724.592720,50.502495,0.297058,0.382909,-0.026059,0.012417,-0.014151
1767717724.731547,50.754974,0.321707,0.313025,-0.020918,0.002743,-0.014861
1767717724.879416,50.921970,0.291333,0.353120,-0.029470,0.010606,-0.021495
1767717725.018616,51.092091,0.328421,0.310909,-0.036378,0.003333,-0.023016
1767717725.159565,51.212143,0.330916,0.303231,-0.030299,0.012914,-0.021634
1767717725.296731,51.516441,0.330268,0.255929,-0.037277,0.036808,-0.024067
1767717725.451585,51.801708,0.335742,0.306678,-0.030333,0.010818,-0.025144
1767717725.592330,51.938923,0.330867,0.289681,-0.022749,0.006806,-0.025866
1767717725.734636,52.048950,0.312206,0.440621,-0.026809,-0.016394,-0.030922
1767717725.879749,52.334770,0.315763,0.375210,-0.020179,-0.001637,-0.028614
1767717726.022950,52.696178,0.309069,0.274171,-0.017327,0.033139,-0.031778
1767717726.175675,52.746376,0.285230,0.402730,-0.001328,0.024698,-0.034044
1767717726.318681,53.138752,0.304496,0.313851,-0.018354,0.024910,-0.045418
1767717726.467941,53.262638,0.291223,0.317383,-0.007945,0.013733,-0.039783
1767717726.609396,53.345890,0.292767,0.346701,-0.008823,0.015254,-0.042662
1767717726.762981,53.516331,0.295164,0.302661,-0.011411,-0.006715,-0.046661
1767717726.909297,53.818237,0.273688,0.367906,-0.010560,0.001271,-0.049938
1767717727.054733,54.103901,0.262733,0.302394,0.002605,0.026053,-0.051242
1767717727.206653,54.218231,0.248734,0.379088,-0.004233,0.005778,-0.057029
1767717727.341210,54.535439,0.248092,0.364158,-0.000058,0.016878,-0.062856
1767717727.487330,54.694492,0.240450,0.346932,-0.006183,0.013569,-0.064596
1767717727.635712,55.009987,0.227136,0.394722,-0.005794,0.013396,-0.068473
1767717727.813200,55.349838,0.215202,0.362903,-0.001144,0.022322,-0.055601
1767717728.020946,55.643894,0.211139,0.320889,-0.001675,0.030669,-0.026544
1767717728.184433,55.809132,0.228094,0.383034,0.008007,0.030840,0.004530
1767717728.338856,55.973896,0.254146,0.335142,0.001148,0.029471,0.027199
1767717728.479916,56.154972,0.275742,0.379090,-0.002172,0.009940,0.025901
1767717728.615526,56.426598,0.300486,0.350140,-0.003822,0.010710,0.028796
1767717728.751535,56.569492,0.304302,0.361265,-0.004911,0.003397,0.026295
1767717728.890844,56.697407,0.310224,0.379975,-0.002243,0.020078,0.023398
1767717729.028340,57.027103,0.343164,0.301989,-0.014728,0.029514,0.014918
1767717729.166579,57.194626,0.338238,0.307452,-0.017729,0.026893,0.014031
1767717729.342442,57.411930,0.340686,0.352108,-0.012221,0.024408,0.015309
1767717729.565902,57.674461,0.384088,0.350834,-0.024348,0.022879,0.012260
1767717729.759702,58.003223,0.362741,0.407594,-0.020943,0.043982,0.006522
1767717729.942821,58.339027,0.394911,0.322897,-0.021703,0.027638,0.001568
1767717730.124014,58.567139,0.392043,0.397156,-0.040057,0.008129,-0.008861
1767717730.280101,58.762012,0.415588,0.327928,-0.039302,0.029082,-0.003462
1767717730.431743,58.999264,0.414748,0.398836,-0.031151,0.035332,-0.009864
1767717730.575018,59.181969,0.424932,0.361001,-0.038681,0.033809,-0.010295
1767717730.721457,59.463448,0.417592,0.353507,-0.017890,0.028580,-0.012735
1767717730.862736,59.657803,0.418989,0.385226,-0.028447,0.017707,-0.015755
1767717731.007386,59.896004,0.442555,0.343202,-0.022597,0.025535,-0.006568
1767717731.147811,60.002125,0.447755,0.403278,-0.023346,0.011781,-0.004686
1767717731.286582,60.143261,0.440864,0.350838,-0.027662,0.034392,-0.009415
1767717731.426131,60.459576,0.452253,0.340897,-0.031726,0.032388,-0.005936
1767717731.571032,60.635376,0.464917,0.313891,-0.028952,0.029144,-0.007005
1767717731.709044,60.729984,0.466335,0.398254,-0.030752,0.023142,-0.015423
1767717731.840915,61.012318,0.477705,0.314141,-0.038256,0.028839,-0.023265
1767717731.984638,61.225113,0.475981,0.375897,-0.036761,0.023692,-0.022081
1767717732.123872,61.557076,0.480572,0.331351,-0.053421,0.014588,-0.028890
1767717732.262498,61.601749,0.482794,0.372896,-0.044489,0.018086,-0.027255
1767717732.391555,61.755524,0.479554,0.275728,-0.040660,0.024803,-0.031124
1767717732.516545,61.872849,0.469666,0.411629,-0.041218,0.022082,-0.037924
1767717732.640995,62.057281,0.477082,0.322541,-0.043839,0.037130,-0.044183
1767717732.767629,62.365395,0.478400,0.317620,-0.033212,0.033800,-0.034768
1767717732.888318,62.510639,0.476403,0.457683,-0.035971,0.013442,-0.036491
1767717733.004508,62.627617,0.461829,0.330672,-0.052999,0.031960,-0.040374
1767717733.118210,63.005989,0.491327,0.274437,-0.034281,0.026464,0.004396
1767717733.242698,63.030842,0.529998,0.400260,-0.047479,0.028093,0.004631
1767717733.360326,63.226658,0.527926,0.269489,-0.055186,0.019960,0.000879
1767717733.475963,63.315475,0.508599,0.475176,-0.039125,-0.010782,-0.003807
1767717733.591368,63.474258,0.513568,0.297169,-0.038175,0.020728,-0.005796
1767717733.706463,63.575500,0.536948,0.515380,-0.055783,-0.000165,-0.007894
1767717733.831423,63.952007,0.553270,0.358307,-0.040245,0.030461,-0.006772
1767717733.963997,64.071014,0.548716,0.344811,-0.058554,0.042864,-0.010092
1767717734.102675,64.272049,0.564512,0.330396,-0.059062,0.035635,-0.008059
1767717734.235624,64.530807,0.571217,0.376873,-0.061537,0.035816,-0.016150
1767717734.360527,64.690834,0.576366,0.320490,-0.062596,0.037518,-0.016077
1767717734.490920,64.800598,0.581042,0.343756,-0.063923,0.028829,-0.012063
1767717734.618221,64.993279,0.575110,0.370208,-0.065356,0.022887,-0.014290
1767717734.770275,65.251465,0.584661,0.349897,-0.066653,0.023431,-0.015639
1767717734.906115,65.396606,0.595324,0.358791,-0.057268,0.019518,-0.014208
1767717735.042834,65.676987,0.618498,0.390900,-0.059717,0.031048,-0.013025
1767717735.165719,65.826958,0.585691,0.300984,-0.060450,0.045417,-0.018574
1767717735.290516,65.968697,0.593331,0.383133,-0.052652,0.030103,-0.018463
1767717735.411386,66.105202,0.590814,0.313639,-0.055192,0.041115,-0.029547
1767717735.532506,66.359184,0.590071,0.348771,-0.048483,0.025402,-0.042472
1767717735.656383,66.600578,0.583323,0.381464,-0.049637,0.009121,-0.051459
1767717735.829873,66.817940,0.561279,0.422825,-0.043164,0.019110,-0.056933
1767717735.957983,67.025513,0.548401,0.309699,-0.044284,0.040507,-0.060848
1767717736.095834,67.106033,0.544202,0.376342,-0.041983,0.022301,-0.062281
1767717736.228461,67.456070,0.537741,0.331014,-0.040245,0.007409,-0.062203
1767717736.361777,67.528587,0.534820,0.372770,-0.040586,0.025334,-0.058933
1767717736.496915,67.714844,0.520983,0.289683,-0.034615,0.018184,-0.053695
1767717736.631996,68.040596,0.529084,0.319115,-0.042240,0.013559,-0.035315
1767717736.763985,68.145966,0.545819,0.394229,-0.035079,0.016520,-0.034010
1767717736.896659,68.277603,0.531712,0.339855,-0.033582,0.023157,-0.035359
1767717737.057956,68.634270,0.545802,0.336217,-0.038533,0.020249,-0.038900
1767717737.200674,68.758385,0.544979,0.406803,-0.035791,0.029075,-0.037543
1767717737.353325,69.015663,0.541879,0.430204,-0.037173,0.026827,-0.051135
1767717737.516775,69.182419,0.532681,0.284460,-0.038364,0.025934,-0.057093
1767717737.666285,69.513420,0.528024,0.332512,-0.030227,0.022430,-0.049055
1767717737.802215,69.605614,0.513248,0.363925,-0.036169,0.032040,-0.053013
1767717737.938270,69.772217,0.499397,0.343204,-0.033169,0.033891,-0.056323
1767717738.082803,70.065430,0.499102,0.306267,-0.030263,0.030961,-0.056610
1767717738.225379,70.232437,0.506009,0.345878,-0.028750,0.020656,-0.052577
1767717738.365943,70.534599,0.475269,0.335925,-0.018702,0.011616,-0.052369
1767717738.516811,70.642242,0.475002,0.371817,-0.015698,0.017627,-0.051413
1767717738.667331,70.902763,0.459106,0.360488,-0.009481,0.020224,-0.051469
1767717738.855416,71.216911,0.467664,0.315547,0.003940,0.028326,-0.051440
1767717739.014829,71.377594,0.441004,0.397915,0.005805,0.020261,-0.053430
1767717739.181523,71.638542,0.411444,0.410826,0.008957,0.012067,-0.046344
1767717739.352321,71.975471,0.426879,0.389912,0.016414,0.009327,-0.013203
1767717739.525377,72.233856,0.452016,0.415826,0.010738,0.016505,-0.005532
1767717739.687673,72.394905,0.479973,0.342811,0.007213,0.015645,-0.003443
1767717739.836123,72.692070,0.500964,0.304164,-0.002847,0.019761,-0.003199
1767717740.004223,72.775383,0.486947,0.400307,0.000195,0.010125,0.000456
1767717740.169742,73.079567,0.513319,0.474937,0.006894,-0.005539,-0.005580
1767717740.306203,73.207458,0.506315,0.327953,-0.007685,0.012998,-0.016541
1767717740.446141,73.503670,0.496160,0.396856,0.001685,0.019061,-0.014577
1767717740.585385,73.642426,0.512238,0.402451,-0.000211,0.003660,-0.014665
1767717740.725567,73.822639,0.517905,0.397676,-0.005561,0.023698,-0.019724
1767717740.880378,74.096085,0.499177,0.388872,-0.007182,0.024888,-0.021235
1767717741.019607,74.236122,0.518295,0.439450,-0.007645,0.028939,-0.023353
1767717741.161534,74.529320,0.515467,0.445915,-0.015379,0.025122,-0.030539
1767717741.297015,74.703949,0.511095,0.349095,-0.012497,0.030582,-0.028679
1767717741.426127,74.808907,0.503377,0.428148,-0.001581,0.006322,-0.024415
1767717741.573743,75.110664,0.518457,0.388628,-0.013341,0.027316,-0.026662
1767717741.729101,75.261604,0.514993,0.424096,-0.008940,0.047927,-0.027494
1767717741.874097,75.597473,0.513169,0.405491,-0.012481,0.061852,-0.032758
1767717742.024204,75.793434,0.517857,0.329083,-0.012706,0.066242,-0.032703
1767717742.162402,76.056618,0.527352,0.281126,-0.022920,0.041171,-0.040665
1767717742.304362,76.217728,0.526318,0.324234,-0.022859,0.008034,-0.041777
1767717742.446716,76.389763,0.528715,0.367596,-0.027856,-0.012107,-0.045103
1767717742.589609,76.528725,0.557196,0.472769,-0.041463,0.003278,-0.050965
1767717742.723670,76.819366,0.515805,0.363977,-0.036849,0.051251,-0.044554
1767717742.865006,76.963127,0.530020,0.442058,-0.032417,0.008739,-0.051711
1767717742.989389,77.146629,0.494526,0.319438,-0.029443,0.006634,-0.055225
1767717743.136329,77.218216,0.492281,0.521367,-0.015844,0.020513,-0.050019
1767717743.276925,77.532990,0.506519,0.438789,-0.013962,0.034026,-0.032654
1767717743.407218,77.777206,0.504033,0.298332,-0.013240,0.071039,-0.039756
1767717743.538908,77.784065,0.474044,0.369726,-0.008313,0.030903,-0.043339
1767717743.681978,78.157600,0.465726,0.396928,0.003657,0.019276,-0.044627
1767717743.812747,78.244682,0.456963,0.348830,0.010212,0.030164,-0.043445
1767717743.945805,78.524445,0.434125,0.331822,0.004503,0.032821,-0.027467
1767717744.086899,78.687737,0.461630,0.372681,0.019628,0.013479,-0.011869
1767717744.213096,78.839493,0.462059,0.370830,0.003273,0.034596,-0.014198
1767717744.344737,79.042030,0.468421,0.344379,0.002910,0.025230,-0.015387
1767717744.475365,79.267021,0.491139,0.330873,-0.001763,0.015585,-0.019880
1767717744.603225,79.460854,0.485173,0.373801,0.004860,0.029360,-0.018952
1767717744.734900,79.583092,0.481881,0.371759,-0.001805,0.016403,-0.021751
1767717744.874328,79.893616,0.470525,0.377658,0.005533,0.021027,-0.020599
1767717745.014751,79.965393,0.484746,0.399068,0.012954,0.007476,-0.021740
1767717745.158924,80.320961,0.464925,0.337262,0.004435,0.015820,-0.025163
1767717745.306499,80.471725,0.469667,0.411928,0.002236,0.019080,-0.023269
1767717745.439168,80.645607,0.484604,0.363375,0.007446,0.014470,-0.022655
1767717745.587533,80.886917,0.464311,0.363757,0.003826,0.007471,-0.029599
1767717745.730455,81.026352,0.468365,0.440012,0.002120,0.018179,-0.028728
1767717745.877722,81.265099,0.462931,0.416983,0.007723,0.016800,-0.024266
1767717746.028195,81.441956,0.471593,0.373059,0.003205,0.013438,-0.006244
1767717746.171620,81.742325,0.510143,0.401134,0.002960,0.019580,0.004244
1767717746.352085,82.073631,0.518580,0.362159,-0.010801,0.003729,-0.002496
1767717746.520598,82.163918,0.513548,0.484789,0.007138,-0.000363,0.006904
1767717746.672641,82.464485,0.542731,0.437085,0.000596,-0.001331,0.006597
1767717746.824491,82.623779,0.528620,0.421021,-0.001606,0.022245,0.010587
1767717746.980350,82.898788,0.544334,0.459652,-0.000459,0.026494,0.007293
1767717747.126663,83.085999,0.568177,0.398764,-0.008281,0.006934,0.000428
1767717747.288793,83.360382,0.567324,0.392585,-0.012783,0.017428,0.000653
1767717747.448459,83.500740,0.591005,0.470373,-0.013352,0.017205,0.002082
1767717747.623558,83.746033,0.607067,0.402514,-0.028719,0.013129,-0.008397
1767717747.822268,84.008850,0.595451,0.454330,-0.016812,0.004188,-0.011713
1767717748.010293,84.311417,0.604227,0.463896,-0.032675,-0.012582,-0.017751
1767717748.173404,84.583817,0.609679,0.443843,-0.017237,0.005696,-0.020317
1767717748.342001,84.812126,0.602402,0.473473,-0.018314,0.016949,-0.023372
1767717748.505369,85.102737,0.572812,0.395901,-0.000950,0.015253,-0.021656
1767717748.662063,85.364243,0.584347,0.422184,-0.000382,0.019838,-0.021435
1767717748.839190,85.511253,0.595918,0.461170,-0.007268,0.023595,-0.021592
1767717749.000111,85.804497,0.592704,0.456949,-0.006485,0.008176,-0.018062
1767717749.155777,85.967537,0.587023,0.479489,-0.002760,0.023986,-0.021194
1767717749.309738,86.204605,0.607215,0.494978,-0.005034,0.004872,-0.024270
1767717749.454979,86.328949,0.612943,0.498419,-0.008197,0.004362,-0.023946
1767717749.606626,86.564697,0.613729,0.468751,-0.008639,0.010659,-0.023345
1767717749.749753,86.856812,0.621964,0.450131,-0.014602,0.025766,-0.024044
1767717749.905628,87.142067,0.631414,0.458348,-0.000118,0.011669,-0.031752
1767717750.047801,87.230904,0.604496,0.515786,-0.011963,0.026147,-0.041727
1767717750.188489,87.538925,0.586492,0.507427,0.009234,0.018329,-0.041407
1767717750.344319,87.706764,0.574610,0.406992,0.001994,0.005868,-0.044073
1767717750.487324,88.044495,0.573981,0.490137,0.008147,0.015268,-0.042099
1767717750.634417,88.124390,0.585142,0.525639,0.011082,0.023645,-0.042806
1767717750.777730,88.367523,0.600320,0.486189,0.000655,0.012521,-0.037053
1767717750.918983,88.563766,0.566122,0.497388,0.008878,0.023207,-0.025521
1767717751.062201,88.957893,0.568713,0.503525,0.016348,0.037082,-0.024772
1767717751.216441,88.965576,0.582970,0.501509,0.006380,0.007868,-0.029243
1767717751.216713,89.101929,0.583603,0.513727,0.011127,0.018639,-0.022772
1767717751.425070,89.270653,0.584255,0.443461,0.008918,0.002669,-0.024360
1767717751.571168,89.532677,0.569253,0.506555,0.009289,0.003571,-0.022379
1767717751.708714,89.721695,0.588723,0.507108,0.003505,0.012255,-0.026704
1767717751.843594,89.869247,0.593530,0.501758,0.004501,0.009024,-0.032771
1767717751.989738,90.150032,0.579701,0.484260,0.004852,0.016099,-0.037003
1767717752.128197,90.324837,0.589524,0.548263,0.002270,0.034921,-0.040269
1767717752.283290,90.670830,0.579282,0.523901,0.005172,0.032608,-0.045982
1767717752.427304,90.787575,0.559401,0.547602,0.017205,0.013148,-0.046945
1767717752.558962,91.014549,0.548258,0.543545,0.018014,0.007022,-0.048758
1767717752.696384,91.108864,0.581298,0.488928,0.003524,0.008073,-0.034716
1767717752.832162,91.276482,0.569581,0.536186,0.010580,0.016413,-0.011930
1767717752.970649,91.605904,0.581259,0.544647,0.025249,0.014563,0.001894
1767717753.115840,91.771149,0.599429,0.517264,0.007027,-0.000622,-0.001027
1767717753.248089,91.924438,0.590509,0.551305,0.013256,0.002526,0.004570
1767717753.387333,92.194557,0.603475,0.557244,0.017627,0.006030,0.002833
1767717753.526448,92.328903,0.603338,0.541232,0.020533,0.010617,0.001062
1767717753.681885,92.688568,0.606086,0.503305,0.020224,0.002290,-0.013822
1767717753.829168,92.787117,0.562807,0.604330,0.029711,0.012176,-0.032962
1767717753.972091,93.010994,0.577513,0.586750,0.026319,0.016075,-0.035922
1767717754.116325,93.175972,0.580199,0.547915,0.020375,0.006368,-0.040047
1767717754.259601,93.422272,0.556416,0.545841,0.023291,0.009265,-0.045683
1767717754.407001,93.602058,0.574411,0.564188,0.022610,0.016795,-0.045779
1767717754.547681,93.755852,0.566676,0.554454,0.019016,0.023310,-0.048743
1767717754.686645,94.090958,0.560780,0.576976,0.024579,0.031776,-0.051482
1767717754.820025,94.219048,0.548054,0.625152,0.030949,0.009743,-0.050457
1767717754.956881,94.364891,0.551578,0.551313,0.028710,0.017755,-0.051293
1767717755.099225,94.633209,0.537049,0.605296,0.034773,0.020542,-0.051635
1767717755.249153,94.771858,0.545450,0.553046,0.038805,0.031038,-0.049397
1767717755.383808,95.135056,0.532232,0.564100,0.031503,0.025166,-0.051139
1767717755.520045,95.220421,0.512692,0.614716,0.041928,0.019780,-0.051447
1767717755.658316,95.357491,0.524938,0.554631,0.032736,0.014267,-0.058112
1767717755.793598,95.604858,0.527742,0.517359,0.033459,0.007764,-0.033511
1767717755.932849,95.792786,0.520182,0.649098,0.034020,0.007608,-0.030589
1767717756.069638,96.019562,0.529111,0.451241,0.032889,0.025216,-0.035061
1767717756.212287,96.254433,0.531908,0.519129,0.015751,0.059338,-0.045775
1767717756.351859,96.440422,0.537272,0.576047,0.016626,0.061362,-0.043626
1767717756.492079,96.736603,0.523698,0.530304,0.012863,0.038707,-0.045926
1767717756.633421,96.877373,0.527807,0.571414,-0.002884,0.028545,-0.046703
1767717756.766777,97.094139,0.538807,0.555493,0.007834,0.022348,-0.035995
1767717756.897936,97.299133,0.544175,0.566716,-0.001534,0.034463,-0.032044
1767717757.027633,97.463089,0.530547,0.554493,0.002854,0.037075,-0.030585
1767717757.151875,97.591301,0.525887,0.639869,0.012724,0.030698,-0.029430
1767717757.277404,97.856499,0.489879,0.673787,0.017530,-0.001593,-0.038612
1767717757.416732,97.972702,0.500844,0.586983,0.019767,0.007538,-0.049156
1767717757.547539,98.089317,0.499092,0.607104,0.025664,0.003523,-0.047193
1767717757.674772,98.256279,0.511866,0.537886,0.017559,0.011233,-0.047701
1767717757.801380,98.575256,0.497735,0.533807,0.024152,0.017377,-0.040369
1767717757.916927,98.691101,0.512800,0.618176,0.021224,0.028104,-0.029530
1767717758.031693,98.812897,0.502260,0.542088,0.029797,0.025755,-0.014677
1767717758.145949,99.017799,0.535452,0.609789,0.013062,0.023306,-0.009201
1767717758.262667,99.138351,0.537587,0.547600,0.006042,0.021522,-0.007194
1767717758.376838,99.429222,0.535158,0.545723,0.008237,0.022332,-0.002653
1767717758.490615,99.633133,0.553101,0.547749,0.001714,0.040872,-0.005615
1767717758.606790,99.723801,0.535802,0.591273,-0.001244,0.034023,-0.011495
1767717758.729402,99.895088,0.540026,0.544817,0.003368,0.058388,-0.016974
1767717758.863183,100.061363,0.516212,0.615266,0.007127,0.023634,-0.021111
1767717758.998281,100.288780,0.541011,0.594602,-0.002954,0.022627,-0.032267
1767717759.127725,100.451958,0.559536,0.540117,0.003255,0.040959,-0.025797
1767717759.250606,100.602989,0.552699,0.654850,-0.003566,0.022774,-0.021896
1767717759.371977,100.741333,0.548307,0.557837,0.006633,0.012584,-0.023618
1767717759.492100,100.999344,0.554968,0.568743,-0.002920,-0.022320,-0.028509
1767717759.614583,101.106941,0.565823,0.632183,-0.005029,0.006470,-0.028153
1767717759.733302,101.271774,0.588839,0.533400,-0.014213,0.005312,-0.022888
1767717759.872173,101.414780,0.583678,0.605669,-0.021068,0.028767,-0.015226
1767717760.005195,101.808968,0.602769,0.637287,-0.021973,0.029047,-0.013440
1767717760.135597,101.891464,0.632682,0.544717,-0.020733,0.026449,-0.000581
1767717760.267080,102.059715,0.657514,0.650463,-0.030785,0.025137,0.025173
1767717760.403988,102.314613,0.652096,0.639961,-0.022822,0.029649,0.031580
1767717760.548239,102.480438,0.657690,0.635480,-0.025935,0.004076,0.032584
1767717760.685128,102.758186,0.648338,0.605281,-0.002899,-0.023458,0.033678
1767717760.825170,102.947479,0.679804,0.599134,-0.007903,-0.005514,0.030493
1767717760.986885,103.173668,0.670621,0.598773,0.001949,0.044352,0.034162
1767717761.143193,103.305115,0.680399,0.614043,-0.002328,0.032891,0.034321
1767717761.295404,103.588913,0.692903,0.722367,-0.002356,-0.021414,0.026797
1767717761.444916,103.756226,0.672907,0.668482,0.004895,-0.033469,0.010956
1767717761.594909,103.956490,0.726461,0.660789,-0.018229,-0.009425,0.005922
1767717761.759324,104.176353,0.727538,0.657086,-0.021633,-0.007830,0.002215
1767717761.922517,104.407799,0.744423,0.641600,-0.029763,0.007905,-0.005708
1767717762.087105,104.691895,0.733753,0.615463,-0.037125,0.032474,-0.018193
1767717762.247661,104.848068,0.747591,0.785501,-0.034083,0.007987,-0.026022
1767717762.409047,105.091713,0.704773,0.728456,-0.023927,0.002270,-0.033960
1767717762.568036,105.288361,0.696629,0.719836,-0.025868,0.017671,-0.054664
1767717762.730337,105.422340,0.719740,0.660380,-0.026583,0.011423,-0.065411
1767717762.890582,105.860481,0.668147,0.640460,-0.007574,0.024772,-0.082221
1767717763.050321,105.968025,0.661684,0.695193,0.007764,0.027332,-0.079566
1767717763.226781,106.254883,0.670628,0.667550,0.001900,0.030243,-0.078272
1767717763.381577,106.547462,0.639499,0.700304,0.022171,0.018293,-0.047569
1767717763.535814,106.716095,0.629963,0.660049,0.015075,0.017298,-0.052230
1767717763.677931,106.889359,0.601939,0.717916,0.033858,0.017231,-0.050026
1767717763.822529,107.115387,0.600746,0.664053,0.023643,0.016788,-0.058709
1767717763.967254,107.251480,0.596912,0.703056,0.036480,0.031533,-0.052705
1767717764.114774,107.567291,0.606743,0.718655,0.031128,0.027935,-0.046306
1767717764.255542,107.740715,0.613181,0.612508,0.028654,0.041900,-0.045301
1767717764.396496,107.997688,0.600878,0.623911,0.029919,0.022335,-0.017979
1767717764.536049,108.175964,0.605152,0.672760,0.007164,0.031388,-0.020312
1767717764.677309,108.249092,0.614715,0.756636,0.014597,0.013524,-0.022347
1767717764.828290,108.574997,0.630092,0.613975,-0.002810,0.011777,-0.030950
1767717764.989780,108.742630,0.652220,0.661570,-0.017438,0.032601,-0.025346
1767717765.163740,109.016037,0.616233,0.651280,-0.002077,0.035362,-0.030467
1767717765.334322,109.300003,0.661586,0.623862,-0.014463,0.029038,-0.035844
1767717765.492342,109.571342,0.634804,0.631906,-0.006423,0.024115,-0.026379
1767717765.686012,109.720459,0.619545,0.711406,-0.000112,0.027106,-0.024095
1767717765.825099,110.024796,0.637716,0.765578,-0.000022,0.024281,-0.025748
1767717765.959127,110.126007,0.637978,0.689844,0.003263,0.012528,-0.024846
1767717766.110876,110.467682,0.626441,0.680836,-0.001148,0.013246,-0.023491
1767717766.247560,110.647148,0.624369,0.729455,-0.003644,0.021832,-0.028359
1767717766.380160,110.905174,0.654470,0.732941,-0.005465,0.022466,-0.031843
1767717766.524667,111.038376,0.629903,0.694955,-0.007945,0.007991,-0.033791
1767717766.671242,111.207787,0.637925,0.688881,-0.001909,0.023957,-0.031763
1767717766.830975,111.493019,0.619210,0.711109,-0.003152,0.016292,-0.036506
1767717766.995296,111.758102,0.628801,0.744367,-0.001943,0.013423,-0.033629
1767717767.145890,111.892601,0.606993,0.702293,0.000265,0.013558,-0.036901
1767717767.293869,112.202698,0.601860,0.673534,-0.000172,0.003729,-0.042403
1767717767.440661,112.340630,0.608143,0.704728,-0.000111,0.021682,-0.043443
1767717767.587806,112.451065,0.607128,0.788300,0.001862,0.013801,-0.044235
1767717767.727980,112.650154,0.612205,0.649916,-0.002228,0.022871,-0.043061
1767717767.883569,112.910690,0.590640,0.720119,0.016544,0.010120,-0.045194
1767717768.022829,113.195511,0.583572,0.692758,0.011237,0.008422,-0.046922
1767717768.165415,113.361176,0.602370,0.764886,0.012261,0.018368,-0.041932
1767717768.319028,113.677711,0.626960,0.723138,0.023080,0.018993,-0.010568
1767717768.467710,113.772156,0.606146,0.666523,0.026482,0.028058,0.004277
1767717768.605762,114.070328,0.614687,0.699466,0.028928,0.035163,0.004964
1767717768.745658,114.214905,0.619300,0.818577,0.018662,0.031195,0.002511
1767717768.881966,114.513847,0.640967,0.816942,0.019983,0.017311,0.015501
1767717769.023132,114.643372,0.635617,0.688795,0.018028,0.017563,0.013321
1767717769.176532,114.770630,0.649471,0.740201,0.008665,0.027832,0.006864
1767717769.325090,115.096939,0.659637,0.711949,0.003148,0.025618,-0.000920
1767717769.464478,115.233856,0.685937,0.796142,-0.000163,0.021303,0.001026
1767717769.605070,115.531120,0.678796,0.773012,-0.011582,0.015772,-0.001440
1767717769.747430,115.656708,0.692515,0.751680,-0.007989,0.021409,-0.002541
1767717769.891278,115.875603,0.683346,0.673859,-0.018060,0.037908,-0.011067
1767717770.023559,116.177193,0.704721,0.734300,-0.017233,0.034605,-0.016269
1767717770.157837,116.317810,0.692271,0.774743,-0.002091,0.035628,-0.013090
1767717770.281690,116.418785,0.696692,0.776961,-0.008807,0.017647,-0.014541
1767717770.409235,116.661072,0.698654,0.769666,-0.006173,0.010462,-0.013452
1767717770.542957,116.838249,0.700089,0.761370,-0.009143,0.022843,-0.014814
1767717770.674365,116.954216,0.700124,0.746712,-0.001737,0.020812,-0.011567
1767717770.810754,117.274567,0.687201,0.796912,-0.000969,0.031301,-0.030992
1767717770.941635,117.427055,0.704433,0.681045,-0.013780,0.010656,-0.034237
1767717771.068825,117.577744,0.712139,0.739349,-0.009918,0.032328,-0.015962
1767717771.196570,117.846428,0.699458,0.733801,-0.018032,0.023747,-0.017930
1767717771.331157,117.948364,0.719277,0.723926,-0.025305,0.023335,-0.021084
1767717771.468592,118.126755,0.730857,0.747472,-0.024297,0.042379,-0.022338
1767717771.593899,118.266159,0.725756,0.736717,-0.028374,0.025168,-0.027122
1767717771.729255,118.555275,0.727159,0.757766,-0.022720,0.023988,-0.025427
1767717771.860622,118.731956,0.729762,0.742200,-0.024839,0.032441,-0.026105
1767717772.036584,118.959679,0.724847,0.715910,-0.024103,0.023442,-0.024656
1767717772.185772,119.135796,0.733952,0.829931,-0.028430,0.002360,-0.027172
1767717772.332204,119.424736,0.743825,0.775089,-0.031128,0.012745,-0.025099
1767717772.486620,119.602257,0.722227,0.726869,-0.030495,0.033062,-0.026939
1767717772.640973,119.844643,0.734257,0.730260,-0.030563,0.023507,-0.028838
1767717772.774873,120.014854,0.745271,0.733602,-0.028968,0.024028,-0.027358
1767717772.915908,120.252548,0.736953,0.763193,-0.022604,0.022191,-0.028464
1767717773.045563,120.412895,0.724084,0.754411,-0.022720,0.024368,-0.033256
1767717773.171088,120.566978,0.725616,0.759270,-0.022773,0.016346,-0.030327
1767717773.302467,120.731110,0.725110,0.708620,-0.016529,0.024775,-0.030434
1767717773.434959,121.043579,0.733398,0.711376,-0.021423,0.031022,-0.031133
1767717773.570209,121.151978,0.739208,0.780157,-0.014115,0.013607,-0.031084
1767717773.702425,121.282738,0.717718,0.786540,-0.018412,0.002328,-0.032130
1767717773.829270,121.583130,0.729114,0.747401,-0.025255,0.014686,-0.034940
1767717773.960743,121.720703,0.729477,0.757799,-0.024759,0.028264,-0.033575
1767717774.093678,121.872154,0.743164,0.762100,-0.036295,0.023119,-0.037298
1767717774.230167,122.186401,0.752464,0.759788,-0.034334,0.016326,-0.029789
1767717774.369530,122.248299,0.738108,0.797596,-0.026795,0.029360,-0.031004
1767717774.505650,122.545860,0.724178,0.770468,-0.038379,0.021280,-0.053381
1767717774.643232,122.740005,0.715565,0.707783,-0.025184,0.042842,-0.051347
1767717774.774272,122.869507,0.728914,0.799898,-0.026856,0.021073,-0.044880
1767717774.917993,123.107758,0.713499,0.738540,-0.012348,0.023151,-0.036690
1767717775.050982,123.292236,0.677809,0.740655,-0.017313,0.032348,-0.046910
1767717775.185875,123.390289,0.717192,0.736183,-0.020343,0.038924,-0.061246
1767717775.337903,123.744125,0.696147,0.737558,-0.016990,0.032041,-0.064269
1767717775.522833,124.003525,0.694001,0.799233,-0.019416,0.015032,-0.066888
1767717775.687583,124.142891,0.668140,0.722963,-0.017642,0.030357,-0.070207
1767717775.843133,124.431503,0.652214,0.718060,-0.014187,0.026938,-0.069009
1767717775.985742,124.583466,0.648175,0.827202,-0.006034,0.017939,-0.068613
1767717776.124313,124.935814,0.645556,0.767639,-0.010754,0.025231,-0.058742
1767717776.260393,125.101433,0.656621,0.730556,-0.006438,0.048366,-0.038189
1767717776.420290,125.190628,0.679474,0.785259,-0.003643,0.020546,-0.010014
1767717776.575245,125.435890,0.675007,0.754327,-0.009797,0.017052,-0.015881
1767717776.735946,125.578583,0.667605,0.762692,-0.006877,0.027676,-0.019089
1767717776.886284,125.904823,0.678112,0.723171,-0.017572,0.017647,-0.018883
1767717777.036283,126.202362,0.675159,0.749038,-0.006975,0.025728,-0.017142
1767717777.178307,126.339790,0.696968,0.824386,-0.014491,0.016288,-0.015189
1767717777.318750,126.623367,0.689897,0.741647,-0.005182,0.022787,-0.006114
1767717777.457835,126.757118,0.696961,0.773479,-0.009986,0.031217,-0.009752
1767717777.598589,127.122055,0.711374,0.768336,-0.008462,0.023664,-0.013323
1767717777.738012,127.215813,0.705172,0.751808,-0.009044,0.025261,-0.014084
1767717777.871080,127.365288,0.692505,0.713135,0.000485,0.038571,-0.016816
1767717778.019303,127.627975,0.707839,0.750506,-0.008342,0.027980,-0.014790
1767717778.165786,127.800140,0.714864,0.761637,0.000009,0.017109,-0.012924
1767717778.295960,127.905472,0.706079,0.801110,-0.008659,0.023486,-0.015541
1767717778.433152,128.226898,0.724098,0.745665,-0.007051,0.027318,-0.018368
1767717778.573442,128.379288,0.721635,0.783907,-0.011623,0.022693,-0.021466
1767717778.720296,128.534210,0.732102,0.759114,-0.018580,0.029683,-0.023813
1767717778.854934,128.831909,0.723295,0.720565,-0.013656,0.027717,-0.030307
1767717778.997499,128.894333,0.728408,0.813037,-0.012565,0.005582,-0.032309
1767717779.147458,129.253326,0.722060,0.721520,-0.011530,0.036999,-0.036698
1767717779.302193,129.391266,0.696467,0.769074,-0.003164,0.037787,-0.040286
1767717779.445392,129.664886,0.704901,0.804124,-0.010946,0.011941,-0.040659
1767717779.592998,129.788910,0.713485,0.702875,0.005829,0.033955,-0.033187
1767717779.741022,130.096207,0.706476,0.739724,0.003476,0.030280,-0.027036
1767717779.876687,130.254227,0.702674,0.773297,0.003719,0.023341,-0.027025
1767717780.010493,130.570740,0.701756,0.817254,0.006899,0.018837,-0.015881
1767717780.157986,130.731750,0.711663,0.787294,0.011003,0.037032,0.008609
1767717780.297252,130.901917,0.791002,0.787741,-0.017585,0.039257,0.042818
1767717780.433541,131.068268,0.797676,0.684170,0.006843,0.044365,0.051104
1767717780.566548,131.233948,0.778857,0.861766,-0.009040,0.015293,0.035029
1767717780.713920,131.375244,0.801736,0.766668,-0.024647,0.009446,0.015360
1767717780.849529,131.712860,0.826403,0.775119,-0.010188,0.054745,0.037653
1767717780.998315,131.842209,0.867181,0.748161,-0.010304,0.020830,0.049798
1767717781.138559,132.071289,0.872116,0.842702,-0.023629,0.028639,0.028855
1767717781.280498,132.178360,0.872254,0.717105,-0.019877,0.032111,0.020455
1767717781.476974,132.492172,0.876400,0.777463,-0.018089,0.030173,-0.002711
1767717781.627811,132.765762,0.877988,0.743888,-0.013159,0.025861,-0.004392
1767717781.794746,132.939072,0.870417,0.787815,-0.015595,0.011880,-0.014252
1767717781.944342,133.168457,0.865371,0.762530,-0.012328,0.015279,-0.021583
1767717782.090298,133.383148,0.864654,0.765845,-0.014163,0.028563,-0.024135
1767717782.237695,133.699326,0.866041,0.773275,-0.022036,0.027088,-0.031040
1767717782.401318,133.822037,0.871740,0.762640,-0.018059,0.027100,-0.030474
1767717782.566988,134.120270,0.868094,0.790122,-0.014892,0.028096,-0.031845
1767717782.739272,134.437927,0.864786,0.762615,-0.020385,0.026220,-0.037670
1767717782.917157,134.710480,0.844778,0.741114,-0.008293,0.026069,-0.039372
1767717783.103501,134.828186,0.861623,0.810925,-0.018046,0.026107,-0.041812
1767717783.268316,135.128876,0.858563,0.745619,-0.018338,0.027955,-0.043456
1767717783.430628,135.418182,0.861461,0.753715,-0.024919,0.040340,-0.047296
1767717783.588311,135.545883,0.855291,0.795724,-0.020015,0.014675,-0.052040
1767717783.754819,135.886688,0.855273,0.826296,-0.021162,0.008719,-0.055818
1767717783.920335,136.126724,0.848464,0.836161,-0.017177,0.011623,-0.052885
1767717784.084866,136.272842,0.841028,0.740743,-0.019068,0.030252,-0.055026
1767717784.243049,136.573547,0.838016,0.741646,-0.022145,0.026354,-0.047493
1767717784.406923,136.689957,0.843261,0.825467,-0.015575,0.012895,-0.045668
1767717784.551683,137.019287,0.828822,0.774949,-0.017238,0.029431,-0.052452
1767717784.708020,137.171570,0.813934,0.733251,-0.009859,0.034908,-0.051029
1767717784.860662,137.447968,0.810935,0.766137,-0.007299,0.019007,-0.053880
1767717785.001025,137.584076,0.798961,0.841875,-0.005805,0.021885,-0.052775
1767717785.148620,137.872055,0.820706,0.708845,0.000484,0.021463,-0.051866
1767717785.286892,138.019135,0.778637,0.793018,0.000348,0.037404,-0.070268
1767717785.428008,138.316147,0.735745,0.814362,-0.015842,0.018001,-0.081982
1767717785.561668,138.483063,0.734803,0.712826,-0.002999,0.026785,-0.060668
1767717785.689842,138.613525,0.771437,0.866018,-0.007515,0.021559,-0.049098
1767717785.819709,138.863266,0.761218,0.802580,-0.007300,0.027215,-0.060850
1767717785.954500,139.033371,0.751089,0.758227,-0.013651,0.031578,-0.062426
1767717786.083011,139.154175,0.758651,0.758122,-0.007591,0.032819,-0.064544
1767717786.233287,139.453491,0.753114,0.815069,-0.015575,0.032446,-0.062278
1767717786.370792,139.625839,0.743794,0.696967,-0.013885,0.018242,-0.060422
1767717786.502750,139.709991,0.758100,0.860252,-0.008879,0.018837,-0.066526
1767717786.630141,140.012756,0.719898,0.809787,-0.014376,0.026572,-0.076348
1767717786.760844,140.187943,0.719606,0.773369,-0.016274,0.031309,-0.078543
1767717786.885889,140.340897,0.706622,0.787145,-0.009938,0.028260,-0.081477
1767717787.010638,140.490952,0.670810,0.759586,-0.012981,0.029722,-0.078689
1767717787.143700,140.816025,0.655168,0.790878,-0.009443,0.024556,-0.040574
1767717787.280490,140.934738,0.675659,0.756806,-0.010905,0.006121,-0.011033
1767717787.416559,141.019257,0.739361,0.875291,-0.018368,0.008301,0.002856
1767717787.551401,141.323074,0.749102,0.845018,-0.009812,0.001681,-0.000292
1767717787.690610,141.502563,0.746174,0.776874,-0.014991,0.024075,-0.002144
1767717787.822909,141.648239,0.736890,0.782232,-0.008789,0.013265,-0.000207
1767717787.957731,141.916946,0.759296,0.756757,-0.008445,0.013936,-0.003898
1767717788.092103,142.080002,0.723492,0.826808,-0.006900,0.019750,0.000996
1767717788.223446,142.220352,0.783277,0.775272,0.003273,0.014466,0.006105
1767717788.358702,142.545456,0.768214,0.817796,-0.009193,0.041764,-0.008008
1767717788.484583,142.693390,0.775316,0.757689,-0.000765,0.056184,-0.004262
1767717788.612847,142.833954,0.769176,0.757827,-0.008849,0.034138,-0.006340
1767717788.745028,143.088745,0.788729,0.794456,0.002573,0.013460,-0.001667
1767717788.866992,143.262070,0.773976,0.783275,-0.005411,0.029857,-0.004790
1767717788.996630,143.367233,0.804395,0.763922,0.004432,-0.000071,-0.004033
1767717789.120621,143.503983,0.808687,0.857645,0.002178,0.030865,-0.017104
1767717789.253016,143.825302,0.760183,0.841469,0.005113,0.032442,-0.023725
1767717789.377653,143.965439,0.748050,0.707577,0.003072,0.043729,-0.009132
1767717789.497736,144.097733,0.777123,0.826756,-0.002955,0.018197,0.015206
1767717789.623934,144.412109,0.850486,0.784743,-0.018099,0.018559,0.029561
1767717789.749125,144.561081,0.867955,0.783621,-0.021588,0.028767,0.025069
1767717789.872187,144.736343,0.859448,0.793340,-0.023083,0.036061,0.023498
1767717790.013461,144.880493,0.870701,0.783172,-0.035536,0.028026,0.022392
1767717790.134510,144.975067,0.888279,0.782842,-0.033555,0.041708,0.027936
1767717790.265856,145.269485,0.926713,0.855860,-0.028658,0.021040,0.024933
1767717790.396677,145.429947,0.921521,0.725151,-0.043748,0.029770,0.021419
1767717790.519990,145.557510,0.955712,0.864439,-0.031256,0.011613,0.023665
1767717790.653609,145.843521,0.953014,0.727833,-0.035990,0.020597,0.016619
1767717790.785276,146.023560,0.952515,0.834133,-0.042599,0.020656,0.017436
1767717790.924055,146.164093,0.959145,0.739093,-0.044830,0.028684,0.027487
1767717791.062489,146.406677,1.004692,0.764961,-0.052652,0.026970,0.022550
1767717791.192962,146.578156,1.006335,0.840144,-0.046945,0.011320,0.023024
1767717791.330241,146.874405,0.976871,0.885563,-0.056070,-0.003220,0.021503
1767717791.462742,146.978180,1.018407,0.748998,-0.038471,0.041949,0.036213
1767717791.590148,147.150772,1.039186,0.762051,-0.058736,-0.000426,0.044274
1767717791.724881,147.291199,1.095413,0.875325,-0.068504,0.050118,0.048512
1767717791.853702,147.542969,1.077444,0.886201,-0.060968,0.011694,0.047546
1767717791.985792,147.685257,1.123553,0.750434,-0.080870,0.043945,0.049234
1767717792.120015,147.844925,1.138291,0.813956,-0.076523,0.005780,0.055786
1767717792.251050,148.111038,1.196729,0.784558,-0.087230,0.006756,0.057449
1767717792.382378,148.267639,1.233981,0.809786,-0.090275,0.029385,0.055694
1767717792.516672,148.379318,1.238577,0.809097,-0.085838,0.017828,0.051484
1767717792.649289,148.672394,1.257032,0.803714,-0.097121,-0.007636,0.043789
1767717792.775154,148.801422,1.239189,0.904089,-0.096875,-0.011484,0.041349
1767717792.903970,148.932831,1.279180,0.842506,-0.086748,-0.011395,0.043159
1767717793.032233,149.068680,1.273877,0.896389,-0.090146,0.004277,0.030625
1767717793.158246,149.313293,1.311885,0.819957,-0.082160,0.011117,0.012243
1767717793.283483,149.414612,1.279024,0.858222,-0.097454,-0.013619,0.001429
1767717793.409599,149.597748,1.285736,0.875814,-0.081610,-0.002216,0.007957
1767717793.534593,149.696304,1.317081,0.858097,-0.074622,-0.027886,0.007878
1767717793.659680,149.985977,1.302017,0.827066,-0.066964,0.024955,-0.002407
1767717793.784321,150.121933,1.296623,0.869361,-0.080566,-0.006145,-0.004389
1767717793.907228,150.295517,1.311627,0.912210,-0.075304,0.034607,-0.003306
1767717794.032284,150.467087,1.313367,0.822181,-0.070120,0.045193,-0.011497
1767717794.151881,150.822922,1.329099,0.813312,-0.074716,0.066700,-0.017127
1767717794.278772,150.884460,1.358486,0.832878,-0.063833,0.032348,-0.020566
1767717794.405345,151.072815,1.337556,0.799549,-0.068579,0.047430,-0.036421
1767717794.524579,151.159012,1.290710,0.871207,-0.066990,0.017642,-0.040952
1767717794.649081,151.300476,1.288339,0.876949,-0.058914,0.024029,-0.034250
1767717794.773526,151.424667,1.312158,0.786350,-0.054546,0.006752,-0.034112
1767717794.894957,151.679306,1.319471,0.888692,-0.063747,-0.007708,-0.036817
1767717795.020616,151.833817,1.297519,0.874658,-0.058376,-0.007585,-0.046509
1767717795.142235,151.996811,1.340551,0.853019,-0.054487,0.021218,-0.067475
1767717795.266284,152.090195,1.292709,0.935011,-0.066342,0.016935,-0.107841
1767717795.393154,152.319992,1.270839,0.830870,-0.059770,0.042947,-0.141266
1767717795.529624,152.432281,1.215065,0.860228,-0.058053,0.040787,-0.234159
1767717795.653375,152.434174,1.203140,0.822055,-0.062176,0.039636,-0.281546
1767717795.653442,152.357254,1.142712,0.853302,-0.062724,0.032883,-0.322682
1767717795.782072,152.342209,1.137261,0.832171,-0.062776,0.028084,-0.327398
1767717795.782186,152.373230,1.138854,0.876230,-0.063394,0.022747,-0.345271
1767717795.782257,152.409286,1.133509,0.857482,-0.059541,0.026464,-0.381020
1767717795.897474,152.386932,1.112478,0.848966,-0.061563,0.027728,-0.421030
1767717795.897538,152.330460,1.075120,0.847373,-0.062082,0.027596,-0.451077
1767717796.017663,152.254272,1.081305,0.853752,-0.061796,0.024750,-0.450790
1767717796.133564,152.326645,1.072850,0.863524,-0.061102,0.022210,-0.449527
1767717796.247918,152.363358,1.063581,0.860802,-0.060210,0.022642,-0.453813
1767717796.247984,152.390640,1.039571,0.836859,-0.062950,0.018980,-0.456221
1767717796.356704,152.442184,1.024272,0.886779,-0.065549,0.013198,-0.453671
1767717796.464812,152.505890,0.963224,0.854845,-0.053114,0.007592,-0.450449
1767717796.572541,152.590012,0.944292,0.889517,-0.056935,-0.000627,-0.458535
1767717796.684438,152.677231,0.925427,0.884161,-0.051013,0.013384,-0.466034
1767717796.854912,152.744141,0.870113,0.849636,-0.061828,0.000769,-0.469934
1767717796.968589,152.907867,0.826145,0.882436,-0.055044,0.029392,-0.467335
1767717797.081332,153.017441,0.761201,0.758302,-0.059412,0.042848,-0.472351
1767717797.190698,153.150162,0.718698,0.930470,-0.066960,0.048415,-0.495727
1767717797.298842,153.376251,0.669119,0.757448,-0.057643,0.067138,-0.528551
1767717797.412117,153.398666,0.551600,0.874914,-0.054499,0.088070,-0.572144
1767717797.517521,153.638229,0.498110,0.746102,-0.045246,0.084562,-0.636764
1767717797.621872,153.492569,0.451142,0.822567,-0.050825,0.086233,-0.706163
1767717797.729966,153.525757,0.402231,0.775506,-0.043966,0.093158,-0.765748
1767717797.830716,153.246399,0.472246,0.740690,-0.059957,0.062733,-0.800822
1767717797.942994,153.299835,0.433528,0.780339,-0.075101,0.042428,-0.786769
1767717798.049866,153.433029,0.400277,0.854995,-0.076029,0.037236,-0.787726
1767717798.156017,153.410461,0.345072,0.900355,-0.059835,0.051566,-0.816362
1767717798.253326,153.413025,0.325724,0.797109,-0.041372,0.075646,-0.843827
1767717798.353612,153.476395,0.337718,0.727962,-0.054189,0.056838,-0.886307
1767717798.448784,153.419128,0.286972,0.799637,-0.067650,0.030359,-0.921467
1767717798.541823,153.448578,0.220190,0.864644,-0.064837,0.025290,-0.937322
1767717798.640729,153.467422,0.183648,0.879115,-0.048198,0.039793,-0.963355
1767717798.640836,153.501709,0.138600,0.803907,-0.038903,0.044565,-0.998108
1767717798.743048,153.502457,0.107482,0.784011,-0.042787,0.026575,-1.039974
1767717798.743105,153.436707,0.064242,0.835590,-0.046320,0.011416,-1.072230
1767717798.840834,153.474457,0.009015,0.892018,-0.039987,0.017018,-1.097084
1767717798.941973,153.531128,-0.050234,0.841406,-0.026067,0.025237,-1.127353
1767717799.046996,153.649124,-0.067359,0.785070,-0.030862,0.012843,-1.183291
1767717799.163991,153.430023,-0.134129,0.854719,-0.030994,0.004775,-1.228204
1767717799.276848,153.428284,-0.162760,0.814967,-0.023592,0.007172,-1.243112
1767717799.276960,153.503235,-0.179337,0.856543,-0.023479,0.002416,-1.273756
1767717799.392893,153.442154,-0.210858,0.842261,-0.021769,-0.001460,-1.306092
1767717799.502868,153.493088,-0.275934,0.858045,-0.017439,-0.001678,-1.336050
1767717799.613504,153.545929,-0.293142,0.835138,-0.018066,-0.003864,-1.372511
1767717799.733542,153.437592,-0.306376,0.845589,-0.019844,-0.007943,-1.418437
1767717799.837780,153.347885,-0.342646,0.875598,-0.017328,-0.009803,-1.451446
1767717799.977867,153.489059,-0.397753,0.838797,-0.011776,-0.007043,-1.477644
1767717800.101740,153.462311,-0.387091,0.833054,-0.013699,-0.016873,-1.520573
1767717800.101848,153.361450,-0.431111,0.873907,-0.012851,-0.021488,-1.553162
1767717800.216897,153.392395,-0.474365,0.829147,-0.013022,-0.012895,-1.582336
1767717800.327128,153.389755,-0.542685,0.855011,-0.021843,-0.009072,-1.615755
1767717800.443825,153.220001,-0.607237,0.861074,-0.015338,-0.013097,-1.668706
1767717800.555748,153.184097,-0.575089,0.854625,-0.014647,-0.018078,-1.698620
1767717800.555862,153.263290,-0.548441,0.856050,-0.018226,-0.025840,-1.730478
1767717800.668718,153.124802,-0.615028,0.867244,-0.015852,-0.023173,-1.757947
1767717800.787455,153.109665,-0.670312,0.829539,-0.024422,-0.015011,-1.789028
1767717800.904623,153.030411,-0.692842,0.879628,-0.023952,-0.011595,-1.817919
1767717801.020710,153.082184,-0.675835,0.862068,-0.018470,-0.021902,-1.859649
1767717801.135642,153.128662,-0.645044,0.880637,-0.016250,-0.025208,-1.874647
1767717801.248611,153.131042,-0.636200,0.862130,-0.017010,-0.026235,-1.884379
1767717801.248765,153.046143,-0.704151,0.867022,-0.014868,-0.022734,-1.913956
1767717801.364005,152.981308,-0.708505,0.855775,-0.016458,-0.019852,-1.946455
1767717801.479196,153.002396,-0.704152,0.851087,-0.017593,-0.014820,-1.970906
1767717801.479317,152.993835,-0.669058,0.876075,-0.015948,-0.018030,-1.992451
1767717801.479405,152.996262,-0.662614,0.862975,-0.015109,-0.016242,-2.007831
1767717801.479455,152.939697,-0.705153,0.852465,-0.018003,-0.012929,-2.032008
1767717801.479556,152.922058,-0.739245,0.839434,-0.019838,-0.007305,-2.063511
1767717801.594879,152.926468,-0.705436,0.852356,-0.024343,0.002128,-2.090708
1767717801.595057,152.981140,-0.693631,0.862406,-0.024946,0.004920,-2.108360
1767717801.714327,153.058289,-0.627223,0.853348,-0.026272,0.005412,-2.099118
1767717801.828990,152.982086,-0.677468,0.878282,-0.021355,-0.006355,-2.095527
1767717801.944927,153.030609,-0.654441,0.858535,-0.016953,-0.009443,-2.095332
1767717802.064152,152.991714,-0.672612,0.854341,-0.017440,-0.009663,-2.097992
1767717802.064269,152.989029,-0.671349,0.856922,-0.017268,-0.007867,-2.102697
1767717802.150799,152.970459,-0.694741,0.850486,-0.018785,-0.005567,-2.104776
1767717802.264194,152.939011,-0.706341,0.852070,-0.020657,-0.001848,-2.110822
1767717802.352030,152.914795,-0.742133,0.860650,-0.020803,0.004180,-2.120098
1767717802.472683,152.874695,-0.781954,0.873327,-0.016861,0.007134,-2.135844
1767717802.575214,152.777084,-0.820241,0.874290,-0.008391,0.003951,-2.169329
1767717802.679142,152.741089,-0.834324,0.871511,-0.001404,-0.005361,-2.210126
1767717802.774234,152.716324,-0.856274,0.844245,-0.006075,-0.009091,-2.246218
1767717802.855353,152.639389,-0.882903,0.874377,-0.008461,-0.004450,-2.276243
1767717802.975460,152.602753,-0.944541,0.853040,-0.014602,-0.003930,-2.307619
1767717803.064612,152.588104,-0.936057,0.859439,-0.024312,-0.000141,-2.333685
1767717803.157462,152.498795,-0.978144,0.859267,-0.027009,-0.003107,-2.365652
1767717803.339026,152.485504,-1.014020,0.868898,-0.033597,-0.003909,-2.397458
1767717803.482140,152.429916,-1.035128,0.894984,-0.031491,-0.002685,-2.437596
1767717803.575085,152.394302,-1.035918,0.890740,-0.028070,-0.003033,-2.471246
1767717803.663816,152.332047,-1.065578,0.891417,-0.025580,0.003737,-2.496542
1767717803.826636,152.317795,-1.083740,0.892183,-0.026204,-0.006727,-2.534077
1767717803.947661,152.276306,-1.046558,0.899860,-0.024077,-0.009526,-2.579348
1767717804.050046,152.220016,-1.037854,0.889975,-0.026454,-0.010585,-2.641496
1767717804.133046,152.168152,-1.034053,0.897292,-0.027785,-0.005514,-2.674321
1767717804.217436,152.153824,-1.020100,0.882895,-0.027065,-0.005117,-2.710227
1767717804.269461,152.134094,-1.021436,0.904465,-0.022650,0.002673,-2.738482
1767717804.370760,152.144852,-1.016296,0.875434,-0.024643,-0.006261,-2.774017
1767717804.451204,152.175186,-0.999049,0.924421,-0.018388,-0.006537,-2.787736
1767717804.557583,152.114517,-1.010133,0.862052,-0.020842,-0.000532,-2.800369
1767717804.671921,152.021927,-0.992806,0.884699,-0.023566,0.007641,-2.828580
1767717804.772455,151.977051,-1.011398,0.854700,-0.031522,0.012010,-2.869723
1767717804.858518,151.988892,-1.027715,0.865997,-0.038298,0.021524,-2.900868
1767717804.974514,151.904785,-1.023163,0.869276,-0.041758,0.027973,-2.932647
1767717805.084369,151.873764,-1.040858,0.898010,-0.035065,0.025629,-2.964376
1767717805.155078,151.872131,-1.008198,0.899132,-0.025674,0.022804,-2.993137
1767717805.256245,151.823563,-0.982725,0.904073,-0.017323,0.018866,-3.017274
1767717805.368839,151.804962,-0.972874,0.892122,-0.011506,0.015723,-3.043876
1767717805.457661,151.772873,-0.927899,0.892072,-0.005754,0.016872,-3.075869
1767717805.573148,151.704742,-0.926871,0.873719,-0.006521,0.015805,-3.116128
1767717805.658575,151.700272,-0.907583,0.903077,-0.003088,0.014047,3.127580
1767717805.759240,151.710831,-0.874793,0.894956,0.001169,0.007518,3.099595
1767717805.860304,151.651230,-0.837603,0.885617,0.007769,0.015467,3.068618
1767717805.960491,151.606705,-0.811593,0.854233,0.007313,0.023862,3.029994
1767717806.061129,151.580429,-0.843055,0.878087,-0.009863,0.011024,3.005469
1767717806.161954,151.661850,-0.878285,0.875342,-0.013410,0.010404,3.007267
1767717806.262793,151.589905,-0.852872,0.890794,-0.009604,0.013630,3.005762
1767717806.363530,151.555634,-0.837604,0.876357,-0.013291,0.008494,2.998194
1767717806.464957,151.536926,-0.848146,0.898541,-0.022189,-0.002382,2.997468
1767717806.566536,151.534103,-0.867930,0.920180,-0.026447,-0.014312,2.999651
1767717806.666820,151.456635,-0.798809,0.911374,-0.008580,-0.008629,3.003986
1767717806.780783,151.355545,-0.815146,0.984765,0.010490,-0.011999,2.996757
1767717806.868431,151.238266,-0.775470,0.919204,0.019103,-0.024457,2.996917
1767717806.968425,151.182724,-0.816321,0.910722,0.002178,-0.018251,2.992304
1767717807.069590,151.040680,-0.767552,0.956830,0.015461,-0.026657,2.994789
1767717807.180818,150.995819,-0.779051,0.875769,0.018677,-0.003430,2.983400
1767717807.280608,150.899155,-0.729027,0.824686,-0.000623,0.009101,2.992474
1767717807.375986,150.823181,-0.800979,0.775839,0.000983,0.054201,3.004388
1767717807.471677,150.655670,-0.800224,0.818319,-0.010479,0.089489,2.998963
1767717807.572877,150.545380,-0.735842,0.924786,0.003210,0.078590,3.001028
1767717807.673001,150.444733,-0.728869,0.809784,0.013258,0.082630,2.998350
1767717807.773630,150.265747,-0.689977,0.932865,0.003512,0.080985,2.991647
1767717807.869419,150.134354,-0.657786,0.884154,0.015192,0.031676,2.997078
1767717807.967208,150.058685,-0.666923,0.853053,0.015182,0.041917,3.002910
1767717808.070149,149.868027,-0.623013,0.942404,0.029766,0.020482,3.018997
1767717808.173757,149.701706,-0.668846,0.900161,0.025018,0.030550,3.011653
1767717808.281403,149.554749,-0.639306,0.807531,0.025108,0.019350,3.017403
1767717808.394090,149.507889,-0.647335,0.869084,0.017915,0.033011,3.033195
1767717808.503804,149.327271,-0.688286,0.888334,0.038128,0.029127,3.061497
1767717808.616237,149.152451,-0.594290,0.925147,0.035851,-0.003435,3.076139
1767717808.733105,149.007233,-0.649949,0.808429,0.013750,0.018620,3.065529
1767717808.858112,148.884857,-0.642327,0.989619,0.021596,0.001736,3.070895
1767717808.977263,148.722504,-0.592410,0.806774,0.026361,0.014141,3.081368
1767717809.097933,148.649353,-0.677366,0.833204,0.025819,0.044269,3.097535
1767717809.275005,148.500473,-0.579197,0.881760,0.024367,0.029482,3.129201
1767717809.402091,148.308807,-0.702419,0.752077,0.014852,0.075559,3.120293
1767717809.524244,148.124908,-0.615118,0.992533,0.014370,0.032991,3.120525
1767717809.654300,148.012115,-0.656132,0.757471,0.027313,0.076811,3.129068
1767717809.777610,147.890945,-0.691567,0.929363,0.014885,0.049302,3.136067
1767717809.899589,147.715286,-0.618662,0.664893,0.024359,0.061945,-3.139879
1767717810.019643,147.602142,-0.666964,0.897961,0.033213,0.087593,3.127810
1767717810.138952,147.457718,-0.627854,0.681620,0.019528,0.061549,3.112661
1767717810.258177,147.332977,-0.657894,0.866764,0.014731,0.074743,3.106378
1767717810.383981,147.206177,-0.626923,0.886893,0.022082,0.024757,3.105082
1767717810.508278,147.119690,-0.629836,0.778532,0.027424,0.046358,3.105955
1767717810.627519,146.929855,-0.637653,0.905641,0.013742,-0.000367,3.102644
1767717810.752486,146.830872,-0.650853,0.674506,0.021505,0.041817,3.103826
1767717810.874474,146.706284,-0.660292,0.892544,0.006096,0.031487,3.115277
1767717811.002004,146.555664,-0.626900,0.704916,0.015037,0.047662,3.120070
1767717811.125560,146.396667,-0.670969,0.877354,0.002187,0.047423,3.110863
1767717811.253589,146.241653,-0.631736,0.670974,0.007298,0.052723,3.108960
1767717811.381299,146.119705,-0.649671,0.905462,0.015189,0.052774,3.108637
1767717811.511943,145.943985,-0.653470,0.733707,0.008905,0.024771,3.106781
1767717811.642576,145.853836,-0.706462,0.781639,-0.004674,0.058340,3.109511
1767717811.771919,145.748917,-0.657291,0.856016,0.000604,0.012914,3.123493
1767717811.897146,145.558685,-0.670231,0.728919,0.023147,0.057847,3.126970
1767717812.025792,145.417480,-0.654965,0.826540,0.009945,0.037702,3.123778
1767717812.151550,145.272568,-0.682551,0.727038,-0.002822,0.025969,3.121156
1767717812.276806,145.143127,-0.656320,0.862326,0.017612,0.041634,3.132458
1767717812.403807,144.972824,-0.637303,0.829808,0.020432,0.028725,3.126946
1767717812.525603,144.877472,-0.681637,0.754236,0.009856,0.035624,3.121460
1767717812.650343,144.727554,-0.652660,0.867180,0.017053,0.034404,3.123789
1767717812.773858,144.555481,-0.625312,0.763782,0.019374,0.018116,3.117298
1767717812.908238,144.447601,-0.678030,0.833989,0.011688,0.035215,3.110538
1767717813.038463,144.312698,-0.659428,0.811132,0.013904,0.009910,3.112339
1767717813.163973,144.173981,-0.606564,0.752913,0.031767,0.037026,3.120443
1767717813.291627,143.848877,-0.672147,0.764909,0.009162,0.027704,3.113143
1767717813.418431,143.693497,-0.652214,0.810467,0.024855,0.038346,3.120553
1767717813.550359,143.565674,-0.612379,0.837652,0.034327,0.029447,3.118930
1767717813.672197,143.431030,-0.646313,0.771276,0.018675,0.028574,3.103989
1767717813.798531,143.142166,-0.650000,0.860886,0.017316,0.018588,3.110747
1767717813.914298,143.035400,-0.627457,0.771664,0.027465,0.027367,3.109934
1767717814.029944,142.893326,-0.641292,0.889438,0.019227,0.015792,3.103459
1767717814.149025,142.741119,-0.633346,0.729106,0.015647,0.004431,3.098678
1767717814.270419,142.603760,-0.640361,0.790690,0.013000,0.024428,3.095255
1767717814.387540,142.279556,-0.611510,0.790385,0.005894,0.031361,3.096813
1767717814.502152,142.178391,-0.642370,0.729587,0.001145,0.047168,3.093860
1767717814.622653,142.011887,-0.616310,0.891534,0.001236,0.032878,3.091065
1767717814.741516,141.899704,-0.643561,0.723117,-0.000081,0.031203,3.086300
1767717814.862489,141.732574,-0.614768,0.894594,-0.002928,0.022740,3.087006
1767717814.986747,141.451843,-0.618156,0.788593,0.003745,0.036379,3.072619
1767717815.106629,141.289627,-0.607708,0.803499,0.002798,0.019508,3.069598
1767717815.234923,141.199554,-0.615502,0.773033,0.009115,0.041284,3.071999
1767717815.361659,141.037033,-0.599341,0.849571,0.001215,0.033009,3.072499
1767717815.487996,140.751266,-0.588905,0.805869,0.000568,0.030720,3.071011
1767717815.610558,140.583282,-0.590107,0.805937,-0.009322,0.020122,3.066695
1767717815.738764,140.492859,-0.575868,0.754845,-0.003577,0.020766,3.066097
1767717815.862145,140.308258,-0.552494,0.787186,-0.011336,0.034739,3.062944
1767717815.989189,140.038635,-0.545195,0.832073,-0.001180,0.042914,3.055909
1767717816.111623,139.901886,-0.543848,0.756440,-0.010164,0.029592,3.051990
1767717816.235812,139.737167,-0.529500,0.801386,-0.008241,0.031757,3.056544
1767717816.356104,139.598282,-0.499586,0.789604,-0.000600,0.020205,3.052678
1767717816.479496,139.320953,-0.497525,0.740069,-0.012846,0.024780,3.046617
1767717816.605232,139.164230,-0.520725,0.778626,-0.014179,0.038600,3.046724
1767717816.732873,139.041290,-0.477051,0.786692,-0.011807,0.028822,3.049962
1767717816.855655,138.894333,-0.479476,0.730961,-0.015576,0.041187,3.044953
1767717816.982519,138.828705,-0.481020,0.751134,-0.001713,0.026032,2.997800
1767717817.111433,138.814499,-0.413935,0.870996,0.002660,0.012786,2.991984
1767717817.233339,138.813431,-0.462368,0.702325,-0.001391,0.016423,2.976126
1767717817.351141,138.832397,-0.479310,0.794466,0.003515,0.011370,2.979827
1767717817.481107,138.817566,-0.475518,0.801389,0.004687,0.013578,2.976763
1767717817.481251,138.842987,-0.472252,0.756500,0.004896,0.015651,2.975402
1767717817.481317,138.815308,-0.484301,0.757210,0.005046,0.019278,2.978089
1767717817.481376,138.798187,-0.446451,0.763682,0.006178,0.030132,2.984753
1767717817.610841,138.790482,-0.478818,0.740808,0.006727,0.033195,2.983172
1767717817.610979,138.816589,-0.454797,0.754749,0.003626,0.042489,2.989557
1767717817.611058,138.876877,-0.520581,0.755567,0.000101,0.047998,2.993323
1767717817.747164,138.941040,-0.514328,0.723843,-0.004413,0.061749,3.002152
1767717817.881890,139.018539,-0.511768,0.839745,0.000118,0.049570,3.004418
1767717818.017791,139.126648,-0.522890,0.753164,0.001555,0.043761,3.003589
1767717818.149475,139.220261,-0.505115,0.789290,0.008163,0.048937,3.002648
1767717818.283547,139.359161,-0.539886,0.816566,0.013270,0.049558,3.001776
1767717818.421867,139.488998,-0.533112,0.763718,0.013388,0.027912,3.003615
1767717818.555215,139.624359,-0.519920,0.780201,0.013145,0.040839,3.005009
1767717818.686942,139.779617,-0.564654,0.814643,0.016585,0.027634,2.997842
1767717818.819180,139.892715,-0.561189,0.799605,0.012109,0.038296,2.995811
1767717818.953300,140.029449,-0.556399,0.735159,0.015833,0.018317,2.989043
1767717819.085563,140.113754,-0.582392,0.845091,0.013058,0.024378,2.981976
1767717819.217997,140.105301,-0.581729,0.767927,0.018704,0.007614,2.978836
1767717819.351566,140.108749,-0.596747,0.721216,0.016993,0.043324,2.978699
1767717819.351645,140.074203,-0.580698,0.817102,0.015345,0.034607,2.984309
1767717819.489478,140.074783,-0.569361,0.784337,0.013900,0.042230,2.982895
1767717819.489551,140.068207,-0.581135,0.767447,0.014349,0.038022,2.980917
1767717819.620733,140.084137,-0.587760,0.780406,0.013587,0.036671,2.981265
1767717819.620881,140.092560,-0.579849,0.791494,0.015366,0.033715,2.983479
1767717819.620942,140.077820,-0.581359,0.788256,0.014281,0.030059,2.991974
1767717819.620995,139.987198,-0.587994,0.773495,0.012289,0.032050,3.010721
1767717819.749675,139.955505,-0.619728,0.776207,0.016216,0.031786,3.036065
1767717819.749774,139.897598,-0.643712,0.785955,0.014979,0.031837,3.062889
1767717819.903572,139.862183,-0.674345,0.774007,0.015960,0.032212,3.082335
1767717819.903674,139.768326,-0.687481,0.781950,0.012913,0.034143,3.105386
1767717820.051138,139.615921,-0.692695,0.776304,0.017070,0.033892,-3.141483
1767717820.183890,139.580231,-0.700456,0.782067,0.020865,0.031959,-3.125420
1767717820.183974,139.475555,-0.648076,0.810369,0.013931,0.031571,-3.118719
1767717820.320778,139.412277,-0.671810,0.739557,0.018086,0.027826,-3.123180
1767717820.458824,139.374878,-0.685333,0.813860,0.022611,0.031793,-3.120613
1767717820.596488,139.321701,-0.682042,0.740968,0.022634,0.027846,-3.118145
1767717820.730284,139.245239,-0.690121,0.797389,0.023701,0.033400,-3.118363
1767717820.854727,139.160538,-0.709251,0.752748,0.014270,0.038301,-3.119951
1767717820.981196,139.077774,-0.697201,0.785781,0.021636,0.037324,-3.115212
1767717821.097696,138.989914,-0.701344,0.779122,0.026537,0.031520,-3.114341
1767717821.223691,138.900635,-0.707408,0.808469,0.030222,0.030744,-3.107226
1767717821.348882,138.765182,-0.722845,0.748876,0.032326,0.025280,-3.106828
1767717821.476159,138.686783,-0.737574,0.812153,0.026073,0.029006,-3.111106
1767717821.602051,138.520554,-0.727691,0.751463,0.029290,0.034389,-3.120100
1767717821.723339,138.359650,-0.733552,0.794492,0.032582,0.034522,-3.137013
1767717821.854563,138.188568,-0.731746,0.787737,0.036296,0.036118,3.139216
1767717821.979811,138.084045,-0.736505,0.821315,0.030907,0.024146,3.132819
1767717822.110229,137.935410,-0.729719,0.721972,0.027878,0.040539,3.129666
1767717822.233103,137.838699,-0.719448,0.827061,0.032985,0.035272,3.119637
1767717822.344739,137.672791,-0.712784,0.710043,0.039300,0.038730,3.117350
1767717822.460113,137.590805,-0.724504,0.808477,0.044824,0.045560,3.110813
1767717822.572631,137.388443,-0.707436,0.832617,0.037798,0.016543,3.110426
1767717822.692495,137.276764,-0.722558,0.642336,0.039348,0.031602,3.107468
1767717822.806217,137.114639,-0.676966,0.810641,0.063699,0.029714,3.111461
1767717822.977952,137.032181,-0.691890,0.678932,0.043699,0.045770,3.089128
1767717823.103858,136.894440,-0.670625,0.813118,0.051397,0.047334,3.080344
1767717823.234914,136.703873,-0.674604,0.686932,0.047995,0.028991,3.081796
1767717823.390831,136.536911,-0.687361,0.776678,0.052845,0.048446,3.107796
1767717823.524409,136.340027,-0.716681,0.739264,0.043796,0.040638,3.121963
1767717823.658982,136.160492,-0.702393,0.763346,0.043089,0.014949,3.120040
1767717823.792731,136.011139,-0.709121,0.812016,0.039691,0.027928,3.117641
1767717823.919767,135.754684,-0.714208,0.742797,0.050254,0.026727,3.137202
1767717824.054291,135.631027,-0.724182,0.771246,0.041675,0.046141,3.140665
1767717824.180201,135.508255,-0.721304,0.756132,0.041194,0.045089,3.138120
1767717824.312657,135.217606,-0.748593,0.747263,0.043374,0.042664,3.136713
1767717824.451002,135.047974,-0.744175,0.753387,0.034129,0.033149,3.135071
1767717824.581990,134.955795,-0.761966,0.727894,0.051571,0.048007,3.133085
1767717824.708908,134.656586,-0.736290,0.715306,0.044880,0.037788,3.113801
1767717824.840181,134.495758,-0.733847,0.766202,0.039686,0.031030,3.112619
1767717824.967511,134.370392,-0.743679,0.770191,0.040047,0.029908,3.113898
1767717825.091386,134.065506,-0.745698,0.758205,0.037857,0.028630,3.107341
1767717825.228044,133.948669,-0.732883,0.772692,0.031898,0.021085,3.106012
1767717825.344624,133.836029,-0.758460,0.743768,0.025219,0.039979,3.102013
1767717825.470141,133.674469,-0.736359,0.729353,0.029653,0.023559,3.101745
1767717825.595151,133.380508,-0.737689,0.771603,0.027149,0.034050,3.084712
1767717825.721704,133.234177,-0.718744,0.725658,0.016424,0.029276,3.084338
1767717825.858236,133.093094,-0.725400,0.747295,0.029797,0.033782,3.083483
1767717825.984280,132.960114,-0.709500,0.752118,0.021468,0.032006,3.075924
1767717826.106173,132.660614,-0.702574,0.761011,0.026189,0.020408,3.070051
1767717826.229373,132.532913,-0.700018,0.787010,0.027344,0.023136,3.069651
1767717826.356679,132.393478,-0.686033,0.748052,0.021886,0.024044,3.064623
1767717826.480810,132.243912,-0.676092,0.737473,0.023451,0.033422,3.064742
1767717826.601943,131.961548,-0.664756,0.768000,0.020674,0.029905,3.058942
1767717826.732029,131.780533,-0.649140,0.768658,0.024965,0.026157,3.067055
1767717826.863432,131.578583,-0.655327,0.763836,0.019235,0.029590,3.079771
1767717826.987047,131.406372,-0.680378,0.738834,0.014455,0.043634,3.101454
1767717827.120347,131.205414,-0.687283,0.755488,0.016075,0.035541,3.114252
1767717827.259049,131.079422,-0.691839,0.746373,0.015258,0.034548,3.113200
1767717827.401381,130.933777,-0.686208,0.726848,0.012751,0.033176,3.112357
1767717827.540041,130.625351,-0.684821,0.736267,0.008681,0.038601,3.112425
1767717827.656343,130.502930,-0.691245,0.740564,0.014296,0.035918,3.115508
1767717827.768858,130.383377,-0.692236,0.755835,0.013534,0.034113,3.113801
1767717827.897871,130.227905,-0.690014,0.738855,0.012807,0.038794,3.113488
1767717828.033830,129.948090,-0.684348,0.733700,0.007001,0.017427,3.105595
1767717828.165834,129.807037,-0.661388,0.719324,0.016873,0.018511,3.105186
1767717828.290596,129.682358,-0.677211,0.790043,0.022486,0.016032,3.102932
1767717828.418179,129.378418,-0.680091,0.701746,0.016249,0.023929,3.100356
1767717828.548124,129.299637,-0.656546,0.799762,0.030151,0.005927,3.098505
1767717828.679405,129.120834,-0.651007,0.780077,0.015015,0.031518,3.090822
1767717828.804248,128.962799,-0.666988,0.774422,-0.000489,0.030993,3.090382
1767717828.933847,128.616959,-0.672331,0.781492,0.016328,0.033962,3.116027
1767717829.061773,128.477859,-0.711185,0.818490,-0.000145,0.026458,3.138806
1767717829.189925,128.362793,-0.730860,0.725520,-0.002979,0.021312,-3.125942
1767717829.329559,128.249741,-0.728385,0.744962,0.008262,0.030443,-3.121488
1767717829.464434,127.964943,-0.746504,0.739174,0.002146,0.026212,-3.120939
1767717829.594147,127.774879,-0.743594,0.763204,0.004007,0.026312,-3.120141
1767717829.737302,127.691299,-0.764190,0.754230,0.000506,0.024741,-3.120031
1767717829.867586,127.394264,-0.757159,0.730810,0.010317,0.021463,-3.122838
1767717829.999193,127.275414,-0.763805,0.764171,0.014775,0.025389,-3.131264
1767717830.135097,127.012901,-0.743168,0.736828,0.003323,0.028601,3.119893
1767717830.274016,126.835983,-0.741764,0.743570,0.014993,0.028831,3.107874
1767717830.417171,126.491920,-0.761451,0.768312,0.008605,0.015622,3.104994
1767717830.574161,126.409134,-0.743577,0.750983,0.014041,0.024736,3.096490
1767717830.713441,126.144653,-0.738310,0.786834,-0.002171,0.029473,3.087051
1767717830.856858,125.955132,-0.734209,0.715804,0.013563,0.008322,3.093151
1767717830.996055,125.865242,-0.703093,0.768962,0.018246,0.046111,3.090487
1767717831.126373,125.505280,-0.718033,0.728877,0.004498,0.046105,3.082099
1767717831.256429,125.394196,-0.704602,0.765281,0.019918,0.021825,3.088381
1767717831.389084,125.241379,-0.695918,0.715051,0.018806,0.042532,3.084142
1767717831.529205,124.898071,-0.692676,0.735406,0.007534,0.041744,3.089462
1767717831.664371,124.731064,-0.700600,0.747127,0.020139,0.041471,3.111998
1767717831.797292,124.606117,-0.713767,0.739326,0.022474,0.047315,3.133155
1767717831.929684,124.359932,-0.742423,0.721044,0.019312,0.033570,-3.140468
1767717832.091749,124.249886,-0.720057,0.763357,0.029147,0.022117,-3.141214
1767717832.271211,123.939034,-0.740025,0.772929,0.027562,0.030473,3.139910
1767717832.446580,123.638397,-0.729585,0.702059,0.027417,0.038767,-3.136320
1767717832.619212,123.397774,-0.746095,0.779810,0.025913,0.030000,3.138583
1767717832.769648,123.255585,-0.756047,0.726684,0.026684,0.027677,3.141196
1767717832.921933,122.965385,-0.761515,0.775716,0.028458,0.021518,-3.140760
1767717833.070405,122.796623,-0.756182,0.747748,0.025480,0.030893,3.138253
1767717833.208002,122.541138,-0.755650,0.772657,0.032670,0.015628,3.136217
1767717833.347201,122.387566,-0.756448,0.734911,0.037899,0.052174,3.136388
1767717833.490918,122.254997,-0.775254,0.718708,0.041143,0.026201,3.136630
1767717833.644586,121.947784,-0.767848,0.746493,0.034949,0.030409,3.131785
1767717833.790608,121.848030,-0.771502,0.775520,0.039072,0.019230,3.130550
1767717833.935377,121.551414,-0.785130,0.767170,0.028229,0.043921,3.122978
1767717834.090090,121.374329,-0.779155,0.743854,0.023864,0.034013,3.122069
1767717834.239753,121.109985,-0.792061,0.743355,0.020893,0.039164,3.119730
1767717834.385426,120.972496,-0.800197,0.759753,0.015469,0.034940,3.118614
1767717834.530446,120.700218,-0.805317,0.745976,0.013359,0.024575,3.116549
1767717834.659622,120.572205,-0.809276,0.763627,0.018647,0.022987,3.114871
1767717834.784180,120.417938,-0.799213,0.784697,0.015820,0.024501,3.109613
1767717834.906307,120.263756,-0.809739,0.802001,0.006923,0.027796,3.107335
1767717835.038640,119.975075,-0.787700,0.725911,0.028637,0.026491,3.110504
1767717835.162145,119.845879,-0.778406,0.788200,0.022017,0.040190,3.100129
1767717835.285657,119.706886,-0.785143,0.763529,0.010076,0.031903,3.099236
1767717835.403908,119.542580,-0.777677,0.738710,0.014503,0.043794,3.102289
1767717835.558920,119.273140,-0.784236,0.773003,0.022618,0.030315,3.104916
1767717835.704301,119.126472,-0.786775,0.724573,0.015803,0.031670,3.100568
1767717835.819864,119.000282,-0.774903,0.770133,0.012848,0.018788,3.098235
1767717835.932795,118.687218,-0.773663,0.750956,0.013862,0.025963,3.096778
1767717836.063781,118.519547,-0.769981,0.741585,0.014706,0.030350,3.095137
1767717836.244474,118.243004,-0.767429,0.742317,0.019212,0.020921,3.091363
1767717836.387182,118.112267,-0.738534,0.757414,0.020367,0.026643,3.095937
1767717836.596367,117.934654,-0.748654,0.718219,0.023282,0.032311,3.104839
1767717836.799742,117.780861,-0.723281,0.766489,0.018043,0.021789,3.130075
1767717837.021063,117.575562,-0.737964,0.706741,0.016750,0.047483,-3.111837
1767717837.150819,117.503227,-0.826050,0.777452,0.028132,0.025482,-3.089056
1767717837.273902,117.419403,-0.847130,0.711935,0.018157,0.047827,-3.096082
1767717837.389335,117.300774,-0.847742,0.778039,0.025223,0.019712,-3.101404
1767717837.510484,117.095741,-0.848994,0.710577,0.022999,0.045436,-3.104708
1767717837.635398,116.954147,-0.866530,0.755100,0.036707,0.031600,-3.104799
1767717837.754148,116.837418,-0.853940,0.735575,0.045848,0.051492,-3.112953
